Lampiran 4. Format Data Bencana,,,,,,,,,,,,,,,,,,,,,,,,,,,,,,,,,,,,,,,,,,,,,,,,,,,,,,,,,,,
,,,,,,,RR,PUSDALOPS,KL,Belum lengkap,,,,,,,,,,,,,,,,,,,,,,,,,,,,,,,,,,,,,,,,,,,,,,,,,
Data Bencana Tahun 2025 Kabupaten Bandung Provinsi Jawa Barat,,,,,,,,,,,,,,,,,,,,,,,,,,,,,,,,,,,,,,,,,,,,,,,,,,,,,,,,,,,
No.,Tanggal,Nama Kabupaten,Nama Kecamatan,Nama Desa,Detail Lokasi,Dampak Bencana,Penyebab/Kronologis,,,,,,,,,,,,,,,,,,,,,,,,,,,,,,,,,,,,,,,,Tindak Lanjut,, Titik Koordinat ,, Foto , Kode Identitas Bencana ,,,,,,Lokasi Pengungsian,
,,,,,,,,Menderita (KK),Menderita (jiwa),,,,,,,,,,,,Total,Mengungsi (KK),Mengungsi (jiwa),,,,,,,,,,Total,Rumah Terdampak (Unit),Sarana Pendidikan (unit),Sarana Ibadah (unit),Sarana Kesehatan (unit),Perkantoran (unit),Bangunan lain (unit),Jembatan (unit), Jalan (km) , Sawah (ha) , Kebun/Lahan/hutan (ha) , Kolam (ha) , Irigasi (ha) , TMA (Tinggi Muka Air) , Pemenuhan Kebutuhan Dasar , Rekomendasi ,,,,,,,,,,,
,,,,,,,,,Anak,,,Dewasa,,,Lansia,,,Disabilitas ,,,,,Anak,,,Dewasa,,,Lansia,,,Disabilitas,,,,,,,,,,,,,,,,,,,, Provinsi ,Kabupaten,Kecamatan,Bencana,Waktu Kejadian,Index,,
,,,,,,,,Menderita (KK),L,P,Tot,L,P,Tot,L,P,Tot,P,L,Tot,,Mengungsi (KK),L,P,Tot,L,P,Tot,L,P,Tot,,,,,,,,,,,,,,,,,, x , y ,,,,,,,,,Bulan
1,6-Jan-2025,Kab. Bandung,Rancabali,Cipelah,01/04 Sunda Mekar,Tanah Longsor,,4,,,,,,,,,,,,,16,,,,,,,,,,,,,,,,,,,,,,,,,,,,107.2858128,-7.1866409,,32,04,40,102,20250106,1,,1
2,6-Jan-2025,Kab. Bandung,Rancabali,Cipelah,Kp. Sunda Mekar 01/14 dan Kp. Simpang 01/03,TPT Jebol/Rubuh,,2,,,,,,,,,,,,,8,,,,,,,,,,,,,,,,,,,,,,,,,,,,107.2858128,-7.1866409,,32,04,40,402,20250106,1,,1
3,7-Jan-2025,Kab. Bandung,Katapang,Gandasari,Kp. Mulyasari 01/01,Rumah Roboh,,1,,,,,,,,,,,,,4,,,,,,,,,,,,,1,,,,,,,,,,,,,,300.2.12./135/050/RR/BPBD,107.5499953,-7.0229532,,32,04,11,401,20250107,1,,1
4,11-Jan-2025,Kab. Bandung,Cileunyi,Cileunyi,Kp. Seke Angkrih 06/20,Banjir,,7,,,,,,,,,,,,,31,,,,,,,,,,,,,,,,,,,,,,,,,,,,107.7420633,-6.9453594,,32,04,05,101,20250111,1,,1
5,11-Jan-2025,Kab. Bandung,Kutawaringin,Buninagara,Kp. Salam 01/01,Cuaca Ekstrem,,3,,,,,,,,,,,,,5,,,,,,,,,,,,,1,,,,,,,,,,,,,,300.2.12./134/042/RR/BPBD,107.511941,-7.021437,,32,04,46,104,20250111,1,,1
6,14-Jan-2025,Kab. Bandung,Ciwidey,Sukawening,Kp. Pangkalan 001/012,Tanah Longsor,,1,,,,,,,,,,,,,4,,,,,,,,,,,,,,,,,,,,,,,,,,,,107.4694705,-7.0780368,,32,04,39,102,20250114,1,,1
7,14-Jan-2025,kab. Bandung,Ciwidey,Sukawening,Cadasgantung 002/016,Tanah Longsor,,1,,,,,,,,,,,,,4,,,,,,,,,,,,,,,,,,,,,,,,,,,,107.4694705,-7.0780368,,32,04,39,102,20250114,2,,1
8,14-Jan-2025,Kab. Bandung,Ciwidey,Sukawening,Kp. Cibaren 03/15,Banjir,,1,,,,,,,,,,,,,,,,,,,,,,,,,,,,,,,,,,,,,,,Respon cepat darurat bencana,,107.4694705,-7.0780368,,32,04,39,101,20250114,3,,1
9,21-Jan-2025,Kab. Bandung,Cimaung,Malasari,Bbk cianjur,Rumah Roboh,,1,,,,,,,,,,,,,4,,,,,,,,,,,,,,,,,,,,,,,,,,,,107.5481489,-7.075128,,32,04,17,401,20250121,1,,1
10,24-Jan-2025,Kab. Bandung,Cicalengka,Nagrog,Kp. Nyalindung 01/17,Cuaca Ekstrem,,4,,,,,,,,,,,,,16,,,,,,,,,,,,,4,,,,,,,,,,,,,,,107.8673764,-7.0096488,,32,04,25,104,20250124,1,,1
11,24-Jan-2025,Kab. Bandung,Cileunyi,Cibiruhilir,Pilar Biru 06/12 ,Tanah Longsor,,,,,,,,,,,,,,,,,,,,,,,,,,,,,,,,,,,1,,,,,,,300.2.12./148/157/RR/BPBD,107.7207653,-6.9402237,,32,04,05,102,20200124,1,,1
12,24-Jan-2025,Kab. Bandung,Ibun,Karyalaksana,Kp. Pereng 03/09,Tanah Longsor,,2,,,,,,,,,,,,,8,,,,,,,,,,,,,,,,,,,,,,,,,,,,107.7532579,-7.0785837,,32,04,36,102,20250124,1,,1
13,24-Jan-2025,Kab. Bandung,Ibun,Karyalaksana,Mesjid Al-Ashab,Tanah Longsor,,1,,,,,,,,,,,,,4,,,,,,,,,,,,,1,,,,,,,,,,,,,,300.2.12./138/098/RR/BPBD,107.750935,-7.0828465,,32,04,36,102,20250124,2,,1
14,24-Jan-2025,Kab. Bandung,Pacet,Cinanggela,Kp. Cinanggela 01/05,Tanah Longsor,,8,,,,,,,,,,,,,32,,,,,,,,,,,,,,,,,,,,,,,,,,,,107.6481682,-7.140775,,32,04,30,102,20250124,1,,1
15,24-Jan-2025,Kab. Bandung,Solokanjeruk,Bojongemas,Kp. Sapan Jl. Cagak RW.01,Banjir,,,,,,,,,,,,,,,,,,,,,,,,,,,,,,,,,,,,,,,,,,,107.7055416,-6.989929,,32,04,34,101,20250124,1,,1
16,25-Jan-2025,Kab. Bandung,Cimaung,Jagabaya,Kp. Puri Banjaran Asri 04/18,Tanah Longsor,,1,,,,,,,,,,,,,1,1,,,,,,,,,,,1,,,,,,,,,,,,,,,,107.5643945,-7.0831863,,32,04,17,102,20250125,1,,1
17,25-Jan-2025,Kab. Bandung,Ciwidey,Sukawening,Kp. Margamukti 01/01,Tanah Longsor,Tebing ambruk akibat hujan deras mengakibatkan Tanah Longsor,2,,,,,,,,,,,,,7,,,,,,,,,,,,,2,,,,,,,,,,,,,,300.2.12./136/109/RR/BPBD,107.4694705,-7.0780368,,32,04,39,102,20250125,1,,1
18,25-Jan-2025,Kab. Bandung,Pacet,Cikawao,Kp. Patunahan 02/28 dan Kp. Babakan Wadat 02/08,Tanah Longsor,,,,,,,,,,,,,,,,,,,,,,,,,,,,,,,,,,1,1,,,,1,,,300.2.12./137/110/RR/BPBD,107.7374604,-7.0919812,,32,04,30,102,20250125,1,,1
19,25-Jan-2025,Kab. Bandung,Pangalengan,Tribaktimulya,Kp. Cihideung,Tanah Longsor,,1,,,,,,,,,,,,,4,,,,,,,,,,,,,,,,,,,,,,,,,,,,107.5637409,-7.1415679,,32,04,15,102,20250125,1,,1
20,25-Jan-2025,Kab. Bandung,Rancaekek,Rancaekek,Kp. Rancasepat 03/08,TPT Jebol/Rubuh,,1,,,,,,,,,,,,,1,,,,,,,,,,,,,1,,,,,,,,,,,,,,300.2.12./104A/RR/BPBD,107.7466786,-6.9651742,,32,04,28,402,20250125,1,,1
21,26-Jan-2025,Kab. Bandung,Arjasari,Wargaluyu,Per BAI C5 no. 23,Tanah Longsor,,1,,,,,,,,,,,,,4,,,,,,,,,,,,,,,,,,,,,,,,,,,,107.6169927,-7.0345079,,32,04,16,102,20250126,1,,1
22,26-Jan-2025,Kab. Bandung,Baleendah,,,Banjir,,,,,,,,,,,,,,,,,,,,,,,,,,,,,,,,,,,,,,,,,,,107.6170885,-7.0037157,,32,04,32,101,20250126,1,,1
23,26-Jan-2025,Kab. Bandung,Bojongsoang,Bojongsoang,"Kp. Cijagra 1,2,3,4,5,6,7,8/10",Banjir,,32,,,17,,,,,,6,,,,68,32,,,17,,,,,,6,,68,,,,,,,,,,,,,,,,107.6323386,-6.9883782,,32,04,08,101,20250126,2,,1
24,26-Jan-2025,Kab. Bandung,Bojongsoang,Bojongsari,"Kp. Cigebar 1,2,3,4,5/20",Banjir,,,,,,,,,,,,,,,,,,,,,,,,,,,,,,,,,,,,,,,,,,,107.6359345,-6.9929339,,32,04,08,101,20250126,1,,1
25,26-Jan-2025,Kab. Bandung,Cangkuang,Pananjung,Bumi Parahyangan Kencana Blok I6 03/03,Tanah Longsor,,1,,,,,,,,,,,,,3,,,,,,,,,,,,,2,,,,,,,,,,,,,,300.2.12./145/153/RR/BPBD,107.537978,-7.0393991,,32,04,44,102,20250126,1,,1
26,26-Jan-2025,Kab. Bandung,Cangkuang,Bandasari,Kp. Legok Nyenang 01/02,TPT Jebol/Rubuh,,1,,,,,,,,,,,,,1,,,,,,,,,,,,,1,,,,,,,,,,,,,,300.2.12./141/102A/RR/BPBD,107.507312,-7.0533694,,32,04,44,402,20250126,1,,1
27,26-Jan-2025,Kab. Bandung,Cangkuang,Pananjung,03/03 Blok I,Rumah Roboh,,1,,,,,,,,,,,,,3,,,,,,,,,,,,,1,,,,,,,,,,,,,,300.2.12./141/102A/RR/BPBD,107.5506104,-7.0216265,,32,04,44,401,20250126,1,,1
28,26-Jan-2025,Kab. Bandung,Cangkuang,Pananjung,03/03 Blok I,Rumah Roboh,,1,,,,,,,,,,,,,4,,,,,,,,,,,,,1,,,,,,,,,,,,,,300.2.12./141/102A/RR/BPBD,107.5506104,-7.0216265,,32,04,44,401,20250126,2,,1
29,26-Jan-2025,Kab. Bandung,Ciwidey,Sukawening,Kp. Margamukti 03/11,Tanah Longsor,,3,,,,,,,,,,,,,12,2,,,,,,,,,,,7,,,,,,,,,,,,,,,,107.4694705,-7.0780368,,32,04,39,102,20250126,1,,1
30,26-Jan-2025,Kab. Bandung,Dayeuhkolot,,,Banjir,,,,,,,,,,,,,,,,,,,,,,,,,,,,,,,,,,,,,,,,,,,107.5897958,-6.9725472,,32,04,12,101,20250126,1,,1
31,26-Jan-2025,Kab. Bandung,Ibun,Neglasari,Kp. Galudra 03/06,Tanah Longsor,,2,,,,,,,,,,,,,8,,,,,,,,,,,,,,,,,,,,,,,,,,,,107.7407959,-7.1147274,,32,04,36,102,20250126,1,,1
32,26-Jan-2025,Kab. Bandung,Pasirjambu,Cibodas,Kp. Cigiri 03/07,Tanah Longsor,,2,,,,,,,,,,,,,9,,,,,,,,,,,,,1,,,,,1,,,,,,,,,300.2.12./136/109/RR/BPBD,107.497265,-7.1027425,,32,04,38,102,20250126,1,,1
33,27-Jan-2025,Kab. Bandung,Arjasari,Lebakwangi,Kp. Bojong Sereh RW.01,Tanah Longsor,TPT Provinsi mengalami ambruk mengakibatkan Tanah Longsoran,,,,,,,,,,,,,,,,,,,,,,,,,,,3,,,,1,,,,,,,,,,300.2.12./144/152/RR/BPBD,107.5936109,-7.0333827,,32,4,16,102,20250127,1,,1
34,27-Jan-2025,Kab. Bandung,Cileunyi,Cinunuk,Kp. Cibolerang 01/09,Tanah Longsor,TPT Jebol/Rubuh sehingga menimpa rumah lain,3,,,,,,,,,,,,,6,,,,,,,,,,,,,3,,,,,1,,,,,,,,,300.2.12./136/109/RR/BPBD,107.738391,-6.9232759,,32,04,05,102,20250127,1,,1
35,27-Jan-2025,Kab. Bandung,Cimaung,Jagabaya,Komp. Puri 04/08,Tanah Longsor,,1,,,,,,,,,,,,,4,,,,,,,,,,,,,1,,,,,,,,,,,,,,300.2.12./104A/RR/BPBD,107.5642303,-7.083264,,32,04,17,102,20250126,1,,1
36,27-Jan-2025,kab. Bandung,Ibun,Neglasari,Kp. Galudra 03/06,Tanah Longsor,,1,,,,,,,,,,,,,2,,,,,,,,,,,,,,,,,,,,,,,,,,,,107.7407959,-7.1147274,,32,04,36,102,20250127,1,,1
37,27-Jan-2025,Kab. Bandung,Pacet,Maruyung,Kp. Wanir 02/06,Tanah Longsor,,2,,,,,,,,,,,,,2,,,,,,,,,,,,,2,,,,,,,,,,,,,,,107.7006575,-7.116092,,32,04,30,102,20250127,1,,1
38,27-Jan-2025,Kab. Bandung,Pacet,Cinangela,Kp. Sukaati 02/05,Tanah Longsor,,2,,,,,,,,,,,,,,,,,,,,,,,,,,2,,,,,,,,,,,,,,300.2.12./136/109/RR/BPBD,107.6840802,-7.1226207,,32,04,30,102,20250127,2,,1
39,28-Jan-2025,kab. Bandung,Cimaung,Cipinang,Kp. Pangkalan 01/08,Tanah Longsor,,1,,,,,,,,,,,,,4,,,,,,,,,,,,,,,,,,,,,,,,,,,,107.5588299,-7.1037121,,32,04,17,102,20250128,1,,1
40,28-Jan-2025,Kab. Bandung,Pasirjambu,Cukanggenteng,Kp. Cimala 05/07,Tanah Longsor,Tebing mengalami Tanah Longsor dan menimpa dinding rumah,1,,,,,,,,,,,,,5,,,,,,,,,,,,,1,,,,,,,,,,,,,,300.2.12./143/135/RR/BPBD,107.4864186,-7.0890412,,32,04,38,102,20250128,1,,1
41,29-Jan-2025,Kab. Bandung,Paseh,Drawati,Kp. Pejeuh 01/07,Tanah Longsor,,,,,,,,,,,,,,,,,,,,,,,,,,,,,,1,,,,,,,,,,,,,107.793143,-7.0609543,,32,04,35,102,20250129,1,,1
42,29-Jan-2025,Kab. Bandung,Pasirjambu,Cibodas,Kp. Andir 01/02,Rumah Roboh,,1,,,,,,,,,,,,,,,,,,,,,,,,,,1,,,,,,,,,,,,,,,107.4840085,-7.09357,,32,04,38,401,20250129,1,,1
43,30-Jan-2025,Kab. Bandung,Cimaung,Campakamulya,Kp. Gamblok 01/09,Perbaikan TPT,TPT jalan retak dan amblas akibat tergerus air,,,,,,,,,,,,,,,,,,,,,,,,,,,,,,,,,,1,,,,,,,300.2.12./146/154/RR/BPBD,107.5661024,-7.0804584,,32,04,17,#N/A,20250130,,,1
44,30-Jan-2025,Kab. Bandung,Cimaung,Campakamulya,Kp. Gamblok 03/09,Perbaikan TPT,TPT jalan mengalami retak dapat mengakibatkan Tanah Longsoran,,,,,,,,,,,,,,,,,,,,,,,,,,,,,,,,,,1,,,,,,,300.2.12./146/154/RR/BPBD,107.5661024,-7.0804584,,32,04,17,#N/A,20250130,,,1
45,30-Jan-2025,Kab. Bandung,Cimaung,Campakamulya,Kp. Kebon Tunggul 03/03,Perbaikan Gorong-Gorong,,,,,,,,,,,,,,,,,,,,,,,,,,,,,,,,,,,,,,,,,,300.2.12./146/154/RR/BPBD,107.5865001,-7.0982562,,32,04,17,#N/A,20250130,,,1
46,30-Jan-2025,Kab. Bandung,Cimaung,Campakamulya,Kp. Kebon Tunggul 01/12,Perbaikan TPT dan Gorong-Gorong,Pembangunan TPT akibat tergerus aliran sungai Lengsar. Pembangunan Gorong-gorong dan sayap sungai rusak akibat tergerus saluran air,,,,,,,,,,,,,,,,,,,,,,,,,,,,,,,,,,,,,,,,,300.2.12./146/154/RR/BPBD,107.5865001,-7.0982562,,32,04,17,#N/A,20250130,,,1
47,30-Jan-2025,Kab. Bandung,Ciwidey,Ciwidey,Kp. Tonjong 02/30,Rumah Roboh,,4,,,,,,,,,,,,,18,,,,,,,,,,,,,,,,,,,,,,,,,,,,107.4385842,-7.1025657,,32,04,39,401,20250130,1,,1
48,30-Jan-2025,Kab. Bandung,Ciwidey,Ciwidey,Kp. Kumetir 03/29,Rumah Roboh,,,,,,,,,,,,,,,,,,,,,,,,,,,,,,,,,,,,,,,,,,,107.4429332,-7.1040969,,32,04,39,401,20250130,2,,1
49,30-Jan-2025,Kab. Bandung,Pasirjambu,Cukanggenteng,Kp. Bojong Resmi 02/13,Tanah Longsor,,1,,,,,,,,,,,,,3,,,,,,,,,,,,,1,,,,,,,,,,,,,,,107.5202937,-7.0228957,,32,04,38,102,20250130,1,,1
50,30-Jan-2025,Kab. Bandung,Pasirjambu,Tenjolaya,Kp.Saninten 01/12,Tanah Longsor,,1,,,,,,,,,,,,,1,,,,,,,,,,,,,1,,,,,,,,,,,,,,,107.472517,-7.1226233,,32,04,38,102,20250130,2,,1
51,30-Jan-2025,Kab. Bandung,Pasirjambu,Cukanggenteng,Kp. Bojongresmi 02/13,Rumah Roboh,,1,,,,,,,,,,,,,3,,,,,,,,,,,,,1,,,,,,,,,,,,,,,107.500223,-7.0845485,,32,04,38,401,20250130,3,,1
52,30-Jan-2025,Kab. Bandung,Pasirjambu,Cukanggenteng,Kp. Saninten,Rumah Roboh,Tanah Longsor menimapa rumah,1,,,,,,,,,,,,,,,,,,,,,,,,,,1,,,,,,,,,,,,,,,107.484387,-7.0809705,,32,04,38,401,20250130,4,,1
53,30-Jan-2025,Kab. Bandung,Pasirjambu,Cukanggenteng,Kp. Bojongresmi 02/13,Rumah Roboh,,1,,,,,,,,,,,,,,,,,,,,,,,,,,1,,,,,,,,,,,,,,,107.500223,-7.0845485,,32,04,38,401,20250130,5,,1
54,31-Jan-2025,Kab. Bandung,Pasirjambu,Cukanggenteng,Kp.Cimilik 02/03,Tanah Longsor,,1,,,,,,,,,,,,,4,,,,,,,,,,,,,1,,,,,,,,,,,,,,,107.4891747,-7.0785057,,32,04,38,102,20250131,6,,1
55,31-Jan-2025,Kab. Bandung,Pasirjambu,Cukanggenteng,Kp. Cimlik 02/03,Rumah Roboh,Tanah Longsor menimpa rumah,1,,,,,,,,,,,,,2,,,,,,,,,,,,,1,,,,,,,,,,,,,,,107.484387,-7.0809705,,32,04,38,401,20250131,7,,1
56,31-Jan-2025,Kab. Bandung,Pasirjambu,Cukanggenteng,Kp. Cimlik 03/03,Rumah Roboh,Tanah Longsor menimpa rumah,1,,,,,,,,,,,,,2,,,,,,,,,,,,,1,,,,,,,,,,,,,,,107.484387,-7.0809705,,32,04,38,401,20250131,8,,1
57,31-Jan-2025,Kab. Bandung,Pasirjambu,Cukanggenteng,Kp. Rancacangku 01/09,Rumah Roboh,,1,,,,,,,,,,,,,1,,,,,,,,,,,,,1,,,,,,,,,,,,,,,107.500223,-7.0845485,,32,04,38,401,20250131,9,,1
58,3-Feb-2025,Kab. Bandung,Paseh,Cigentur,Kp. Bojong 02/03,Kebakaran Gedung dan Permukiman,,,,,,,,,,,,,,,,,,,,,,,,,,,,,,,,,,,,,,,,,,,107.7986914,-7.0258927,,32,04,35,202,20250203,1,,2
59,4-Feb-2025,Kab. Bandung,Ibun,Karyalaksana,Kp. Cibuntu 01/06,Tanah Longsor,, 1 ,,,,,,,,,,,,, 1 ,,,,,,,,,,,,,,,,,,,,,,,,,,,,107.7532579,-7.0785837,,32,04,36,102,20250204,1,,2
60,5-Feb-2025,Kab. Bandung,Cimaung,Pasirhuni,,Cuaca Ekstrem,Cuaca Ekstrem, 2 ,,,,,,,,,,,,, 5 ,,,,,,,,,,,,, 2 ,,,,,,,,,,,,,"- Berkoordinasi dengan pihak Kecamatan dan Desa terkait kejadian tersebut
- Melakukan assessment di dampingi pihak Kecamatan dan Desa
- Menghimbau kepada warga agar berhati-hati",,107.5771444,-7.0970638,,32,04,17,104,20250205,1,,2
61,6-Feb-2025,Kab. Bandung,Pameungpeuk,Bojongkunci,Kp. Lampegan 03/04,Kebakaran Gedung dan Permukiman,,,,,,,,,,,,,,,,,,,,,,,,,,,,,,,,,,,,,,,,,,,107.5642688,-7.0215944,,32,04,14,202,20250206,1,,2
62,6-Feb-2025,Kab. Bandung,Pameungpeuk,Bojongmanggu,Kp. Cikupa 03/08,Kebakaran Gedung dan Permukiman,, 1 ,,,,,,,,,,,,, 1 ,,,,,,,,,,,,,,,,,,,,,,,,,,,,107.601282,-7.0246194,,32,04,14,202,20250206,2,,2
63,10-Feb-2025,Kab. Bandung,Katapang,Cilempeni,Kp. Muara Ciwidey 03/01,Kebakaran Gedung dan Permukiman,, 1 ,,,,,,,,,,,,, 4 ,,,,,,,,,,,,,,,,,,,,,,,,,,,,107.5567306,-6.9825277,,32,04,11,202,20250210,1,,2
64,11-Feb-2025,Kab. Bandung,Cimaung,Pasirhuni,Kp. Kadunenggang 06/01,Kebakaran Gedung dan Permukiman,, 2 ,,,,,,,,,,,,, 8 ,,,,,,,,,,,,,,,,,,,,,,,,,,,,107.575964,-7.086544,,32,04,17,202,20250211,1,,2
65,12-Feb-2025,Kab. Bandung,Arjasari,Patrolsari,Kp. Wangunsari 01/13,Kebakaran Gedung dan Permukiman,, 5 ,,,,,,,,,,,,, 18 ,,,,,,,,,,,,,,,,,,,,,,,,,,,,107.647481,-7.074405,,32,04,16,202,20250212,1,,2
66,12-Feb-2025,Kab. Bandung,Baleendah,Baleendah,Kp. Papak Gede,Kebakaran Gedung dan Permukiman,, 2 ,,,,,,,,,,,,, 8 ,,,,,,,,,,,,,,,,,,,,,,,,,,,,107.6171869,-7.0034005,,32,04,32,202,20250212,1,,2
67,12-Feb-2025,Kab. Bandung,Cileunyi,Cileunyi Kulon,Kp. Bbkn Kinim,Kebakaran Gedung dan Permukiman,,,,,,,,,,,,,,,,,,,,,,,,,,,,,,,,,,,,,,,,,,,107.7444733,-6.9442539,,32,04,05,202,20250212,1,,2
68,13-Feb-2025,Kab. Bandung,Cicalengka,Cikuya,,Cuaca Ekstrem,Hujan deras disertai Cuaca Ekstrem,,,,,,,,,,,,,,,,,,,,,,,,,,, 12 ,,,,,,,,,,,,,"- Berkoordinasi dengan aparatur setempat
- Masih dalam assessment terkait dampak kejadian
- Memenuhi kebutuhan darurat",,107.8258075,-6.9842824,,32,04,25,104,20250213,2,,2
69,13-Feb-2025,Kab. Bandung,Cicalengka,Cikuya,Kp. Cipajaran rw 16 17,Pohon Tumbang,, 1 ,,,,,,,,,,,,, 4 ,,,,,,,,,,,,,,,,,,,,,,,,,,,,107.81031,-6.98665,,32,04,25,403,20250213,1,,2
70,13-Feb-2025,Kab. Bandung,Pameungpeuk,Rancatungku,Kp. Sekeawi,Cuaca Ekstrem,Hujan deras disertai Cuaca Ekstrem, 1 ,, 1 , 1 , 1 , 1 , 2 ,,,,,,, 3 , 3 ,,,,,,,,,,,, 1 ,,,,,,,,,,,,,"- Berkoordinasi dengan aparatur setempat
- Masih dalam assessment terkait dampak kejadian
- Memenuhi kebutuhan darurat",,107.5786238,-7.0234627,,32,04,14,104,20250213,3,,2
71,13-Feb-2025,Kab. Bandung,Rancaekek,Haurpugur,"Kp. Sirah Gajah RW 05, Kp. Babakan RW. 06, Perum BNI RW.13 dan Perum GPR RW. 14",Cuaca Ekstrem,Hujan deras disertai Cuaca Ekstrem, 40 ,,,,,,,,,,,,, 160 ,,,,,,,,,,,,, 40 ,,,,,,,,,,,,,"- Berkoordinasi dengan aparatur setempat
- Melaksanakan assessment
- Melakukan pemotongan pohon yang tumbang
- Memenuhi kebutuhan darurat",,107.81029,-6.9719467,,32,04,28,104,20250213,1,,2
72,13-Feb-2025,Kab. Bandung,Rancaekek,Haurpugur,Kp. Bojong Koneng 01/04,Pohon Tumbang,, 1 ,,,,,,,,,,,,, 4 ,,,,,,,,,,,,,,,,,,,,,,,,,,,,107.8012789,-6.9827207,,32,04,28,403,20250213,1,,2
73,16-Feb-2025,Kab. Bandung,Cangkuang,Tanjungsari,Kp. Cirengit 03/02,Cuaca Ekstrem,, 1 ,,,,,,,,,,,,,,,,,,,,,,,,,, 1 ,,,,,,,,,,,,,,300.2.12./150/220/RR/BPBD,107.5715379,-7.0336213,,32,04,44,104,20250216,1,,2
74,16-Feb-2025,Kab. Bandung,Cileunyi,Cileunyi Kulon,Kp. Demahluhur 01/01,Cuaca Ekstrem,,1,,,,,,,,,,,,,,,,,,,,,,,,,,1,,,,,,,,,,,,,,300.2.12./150/220/RR/BPBD,107.753834,-6.9073197,,32,04,05,104,20250216,1,,2
75,17-Feb-2025,Kab. Bandung,Bojongsoang,Tegalluar,,Cuaca Ekstrem,Hujan deras,,,,,,,,,,,,,,3,,,,,,,,,,,,,,,,,,,,,,,,,,"- Berkoordinasi dengan pihak Kecamatan dan desa terkait kejadian tersebut
- Menghimbau untuk selalu waspada terkait curah hujan dan cuaca
- Pohon tumbang sudah ditangani oleh pihak kecamatan dibantu BABINSA dan BHABINKAMTIBMAS",,107.6870753,-6.9806235,,32,04,08,104,20250217,1,,2
76,17-Feb-2025,Kab. Bandung,Bojongsoang,,,Pohon Tumbang,,,,,,,,,,,,,,,,,,,,,,,,,,,,,,,,,,,,,,,,,,,107.6542266,-6.9729369,,32,04,08,403,20250217,1,,2
77,17-Feb-2025,Kab. Bandung,Cileunyi,Cileunyi Wetan,Kp. Manjahbereum 04/12,Rumah Roboh,,,,,,,,,,,,,,,,,,,,,,,,,,,,,,,,,,,,,,,,,,,107.7485405,-6.9249576,,32,04,05,401,20250217,1,,2
78,17-Feb-2025,Kab. Bandung,Pangalengan,Sukaluyu,,Tanah Longsor,Hujan deras, 1 ,,,,,,,,,,,,, 5 ,,,,,,,,,,,,, 1 ,,,,,,,,,,,,,"- Melaksanakan assessment
- Menghimbau kepada pemilik rumah agar lebih berhati-hati
- Melakukan pendataan kepada korban dari dampak kejadian tersebut
- Memenuhi kebutuhan darurat",,107.5209304,-7.236277,,32,04,15,102,20250217,1,,2
79,17-Feb-2025,Kab. Bandung,Ibun,,Kp. Laleuran 03/04,Cuaca Ekstrem,,5,,,,,,,,,,,,,20,,,,,,,,,,,,,,,,,,,,,,,,,,,,107.6016337,-6.9733467,,32,04,36,104,20250217,,,2
80,17-Feb-2025,Kab. Bandung,Rancaekek,,Kp. Bojong Waru 03/05,Cuaca Ekstrem,,12,,,,,,,,,,,,,48,,,,,,,,,,,,,,,,,,,,,,,,,,,,107.5263024,-7.0044911,,32,04,28,104,20250217,,,2
81,17-Feb-2025,Kab. Bandung,Rancaekek,,Kp. Babakan Sawah 04/06,Cuaca Ekstrem,,6,,,,,,,,,,,,,24,,,,,,,,,,,,,,,,,,,,,,,,,,,,107.733111,-7.009191,,32,04,28,104,20250217,,,2
82,17-Feb-2025,Kab. Bandung,,,Kp. Wangunsari 01/13,Cuaca Ekstrem,,18,,,,,,,,,,,,,72,,,,,,,,,,,,,,,,,,,,,,,,,,,,107.647481,-7.074405,,32,04,#N/A,104,20250217,,,2
83,17-Feb-2025,Kab. Bandung,,,Kp. Pasung 05/09,Cuaca Ekstrem,,19,,,,,,,,,,,,,76,,,,,,,,,,,,,,,,,,,,,,,,,,,,107.5551233,-6.9968557,,32,04,#N/A,104,20250217,,,2
84,18-Feb-2025,Kab. Bandung,Kutawaringin,Cilame,,Tanah Longsor,Hujan deras disertai Cuaca Ekstrem,,,,,,,,,,,,,,,,,,,,,,,,,,,,,,,,,,0.01,,,,,,"- Berkoordinasi dengan pihak Kecamatan dan desa terkait kejadian tersebut.
- Melaksanakan assessment terkait dampak yang disebabkan.",,107.485433,-7.0412294,,32,04,46,102,20250218,1,,2
85,18-Feb-2025,Kab. Bandung,Rancabali ,Cipelah,,Tanah Longsor,Hujan deras ,,,,,,,,,,,,,,,,,,,,,,,,,,,,, 1 ,,,,,0.01,,,,0.0035,,"- Berkoordinasi dengan pihak Kecamatan dan desa terkait kejadian Tanah Longsor.
- Melakukan penangan dengan menendai atau memberi tanda penganan di lokasi kejadian
- Menghimbau warga sekitar untuk berhati2 dan waspada bilamana terjadi hujan deras.
- Menyampaikan laporan kejadian ke Pihak PUPR terkait Tanah Longsor tersebut",300.2.12./149/219/RR/BPBD,107.2961953,-7.1932807,,32,04,#N/A,102,20250218,4,,2
86,19-Feb-2025,Kab. Bandung,Kutawaringin,Cilame,Kp. Pasir Lestang,Tanah Longsor,,,,,,,,,,,,,,,,,,,,,,,,,,,,,,,,,,,0.01,,,,,,,,107.4826481,-7.0355336,,32,04,46,102,20250219,1,,2
87,19-Feb-2025,Kab. Bandung,Majalaya,Majakerta,,Cuaca Ekstrem,Hujan deras, 1 ,,,,,,,,,,,,, 3 ,,,,,,,,,,,,, 1 ,,,,,,,,,,,,,"- Berkoordinasi dengan pihak Kecamatan dan Desa terkait
- Melaksanakan assessment
- Memenuhi kebutuhan darurat",,107.7628808,-7.0414675,,32,04,33,104,20250219,1,,2
88,20-Feb-2025,Kab. Bandung,Ibun,Neglasari,Kp. Luluncatan 02/01 ,Tanah Longsor,Hujan deras, 2 ,,,,,,,,,,,,, 7 ,,,,,,,,,,,,, 5 ,,,,,,,,,,,,,,,107.7488167,-7.1316518,,32,04,36,102,20250220,1,,2
89,20-Feb-2025,Kab. Bandung,Ibun,Mekarwangi,Kp. Bojongmondro 03/07,Tanah Longsor,Hujan deras, 2 ,,, 4 ,,,,,,,,,, 8 ,,,,,,,,,,,,, 6 ,,,,,,,,,,,,,,,107.774823,-7.0976926,,32,04,36,102,20250220,2,,2
90,20-Feb-2025,Kab. Bandung,Ibun,Mekarwangi,Kp. Nengta 01/03,Tanah Longsor,, 3 ,,, 3 ,,,,,,,,,, 9 ,,,,,,,,,,,,,,,,,,,,,,,,,,,,107.7783667,-7.103552,,32,04,36,102,20250217,3,,2
91,20-Feb-2025,Kab. Bandung,Ibun,Laksana,,Tanah Longsor,Hujan deras, 2 ,,,,,,,,,,,,,,,,,,,,,,,,,, 2 ,,,,,,,,,,,,,"- Berkoordinasi dengan pihak Kecamatan terkat kejadian Tanah Longsor.
- Pihak Kecamatan di bantu warga sekitar membersihkan material Tanah Longsoran.
- Melaksanakan Assesment dan pendataan terkait kejadian Bencana di lokasi tersebut.",,107.7902707,-7.140339,,32,04,36,102,20250220,4,,2
92,20-Feb-2025,Kab. Bandung,Nagreg,Ciherang,,Tanah Longsor,Hujan deras ,,,,,,,,,,,,,,,,,,,,,,,,,,, 1 ,,,,,,,,,,,,,"- Berkoordinasi dengan pihak Kecamatan terkat kejadian Tanah Longsor
- Pihak Kecamatan di bantu warga sekitar membersihkan material Tanah Longsoran
- Melaksanakan Assesment dan pendataan terkait kejadian Bencana di lokasi tersebut",,107.8998566,-7.0354651,,32,04,26,102,20250220,1,,2
93,21-Feb-2025,Kab. Bandung,Cicalengka,Panenjoan,Kp. Panenjoan 06/04,Tanah Longsor,Hujan dengan intensitas tinggi, 2 ,,,,,,,,,,,,, 6 ,,,,,,,,,,,, 6 , 1 ,,,,,,,,,,,,,,,107.8243267,-6.9727564,,32,04,25,102,20250221,1,,2
94,21-Feb-2025,Kab. Bandung,Cicalengka,Cicalengka Kulon,,Tanah Longsor,Hujan deras disertai Cuaca Ekstrem,2,,,,,,,,,,,,,8,,,,,,,,,,,,,2,,,,,,,,,,,,,"- Berkoordinasi dengan Kepala Desa
- Melaksanakan Assesment dan pendataan terkait kejadian Bencana di lokasi tersebut",,107.8383945,-6.9870115,,32,04,25,102,20250221,1,,2
95,21-Feb-2025,Kab. Bandung,Ibun,Neglasari,Kp.Luluncatan 002/01,Tanah Longsor,, 1 ,,,,,,,,,,,,, 2 ,,,,,,,,,,,,,,,,,,,,,,,,,,,,107.7488167,-7.1316518,,32,04,36,102,20250221,1,,2
96,21-Feb-2025,Kab. Bandung,Ibun,,Kp. Sangkan 002/001,Tanah Longsor,, 1 ,,,,,,,,,,,,, 1 ,,,,,,,,,,,,,,,,,,,,,,,,,,,,107.760356,-7.0820343,,32,04,36,102,20250221,,,2
97,23-Feb-2025,Kab. Bandung,Cileunyi,Cinunuk,Kp. Permata Biru C2,Kebakaran Gedung dan Permukiman,,1,,,,,,,,,,,,,3,,,,,,,,,,,,,,,,,,,,,,,,,,,,107.7322573,-6.9378707,,32,04,05,202,20250123,1,,2
98,24-Feb-2025,Kab. Bandung,Baleendah,Baleendah,Kp. Sukamanah 02/14,Rumah Roboh,, 1 ,,,,,,,,,,,,, 4 ,,,,,,,,,,,,, 1 ,,,,,,,,,,,,,,,107.6216076,-6.9995565,,32,04,32,401,20250224,1,,2
99,24-Feb-2025,Kab. Bandung,Cangkuang,Jatisari,Kp. Nagrak 04/02,Rumah Roboh,, 1 ,,,,,,,,,,,,, 2 ,,,,,,,,,,,,,,,,,,,,,,,,,,,,107.547552,-7.066628,,32,04,44,401,20250224,1,,2
100,24-Feb-2025,Kab. Bandung,Ibun,Tanggulun,Kp. Leuwinanggung 02/05,Kebakaran Gedung dan Permukiman,, 2 ,,,, 4 , 4 , 8 ,,,,,,, 8 ,,,,,,,,,,,,,,,,,,,,,,,,,,,,107.765051,-7.065493,,32,04,36,202,20250224,1,,2
101,24-Feb-2025,Kab. Bandung,Kutawaringin,Padasuka,Kp. Citegel 03/11,Tanah Longsor,, 1 ,,,,,,,,,,,,, 4 ,,,,,,,,,,,,,,,,,,,,,,,,,,,,107.5126742,-7.0127644,,32,04,46,102,20250224,1,,2
102,24-Feb-2025,Kab. Bandung,Soreang, Sukajadi,Kp. Garung 01/01,Rumah Roboh,, 1 ,,,,,,,,,,,,,,,,,,,,,,,,,, 1 ,,,,,,,,,,,,,,300.2.12./151/227/RR/BPBD,107.5008932,-7.0750209,,32,04,37,401,20250224,1,,2
103,24-Feb-2025,Kab. Bandung,Soreang, Sukajadi,Kp. Heubeul Isuk 01/09,Rumah Roboh,, 1 ,,,,,,,,,,,,,,,,,,,,,,,,,, 1 ,,,,,,,,,,,,,,300.2.12./151/227/RR/BPBD,107.4994514,-7.0526967,,32,04,37,401,20250224,2,,2
104,24-Feb-2025,Kab. Bandung,Ibun,,Kp. Sangkan 002/001,Tanah Longsor,, 1 ,,,,,,,,,,,,, 5 ,,,,,,,,,,,,,,,,,,,,,,,,,,,,107.760356,-7.0820343,,32,04,36,102,20250224,,,2
105,24-Feb-2025,Kab. Bandung,Ibun,,Kp. Bojongmondro 03/07,Tanah Longsor,, 1 ,,,,,,,,,,,,, 8 ,,,,,,,,,,,,,,,,,,,,,,,,,,,,107.7769331,-7.0975908,,32,04,36,102,20250224,,,2
106,24-Feb-2025,Kab. Bandung,Ibun,,Kp. Nengta 001/13,Tanah Longsor,, 1 ,,,,,,,,,,,,, 9 ,,,,,,,,,,,,,,,,,,,,,,,,,,,,107.7779207,-7.1011853,,32,04,36,102,20250224,,,2
107,24-Feb-2025,Kab. Bandung,Ibun,,Leuwinanggung 02/05,Kebakaran Gedung dan Permukiman,, 1 ,,,,,,,,,,,,, 7 ,,,,,,,,,,,,,,,,,,,,,,,,,,,,106.9093,-6.4063071,,32,04,36,202,20250224,,,2
108,25-Feb-2025,Kab. Bandung,Baleendah,Baleendah,Kp. Sukabirus 01/08,Banjir,, 14 ,,,,,,,,,,,,, 56 ,,,,,,,,,,,,, 14 ,,,,,,,,,,,,,,,107.6301711,-6.9796871,,32,04,32,101,20250225,4,,2
109,25-Feb-2025,Kab. Bandung,Bojongsoang,Bojongsoang,"Kp. Cipurut 03,04/01",Banjir,, 4 ,,, 5 ,,,,,,,,,, 16 ,,,,,,,,,,,,,,,,,,,,,,,,,,,,107.6364953,-6.9814914,,32,04,08,101,20250225,1,,2
110,25-Feb-2025,Kab. Bandung,Bojongsoang,Bojongsoang,,Banjir,Hujan deras,1069,,,,,,,,,,,,,3073,,,,,,,,,,,,,,,,,,,,,,,,,,,,107.6341573,-6.9807593,,32,04,08,101,20250225,2,,2
111,25-Feb-2025,Kab. Bandung,Dayeuhkolot,Cangkuang Wetan,rw 01,Banjir,,,,,,,,,,,,,,,,,,,,,,,,,,,,,,,,,,,,,,,,,,,107.6017862,-6.9728037,,32,04,12,101,20250225,3,,2
112,25-Feb-2025,Kab. Bandung,Dayeuhkolot,Cangkuang Wetan,,Banjir,Hujan deras menyebabkan debit air sungai meluap, -   ,,,,,,,,,,,,,,,,,,,,,,,,,,,,,,,,,,,,,,,"- Pemantauan data peningkatan debit air sungai melalui aplikasi seperti AWLR
- Melaksanakan assessment dan monitoring wilayah
- Melakukan pendataan terkait wilayah yang terdampak
- Melakukan evakuasi warga yang terjebak banjir",,107.6052558,-6.9708867,,32,04,12,101,20250225,4,,2
113,25-Feb-2025,Kab. Bandung,Dayeuhkolot,Pasawahan,,Banjir,Hujan deras menyebabkan debit air sungai meluap, -   ,,,,,,,,,,,,,,,,,,,,,,,,,,,,,,,,,,,,,,,"- Pemantauan data peningkatan debit air sungai melalui aplikasi seperti AWLR
- Melaksanakan assessment dan monitoring wilayah
- Melakukan pendataan terkait wilayah yang terdampak
- Melakukan evakuasi warga yang terjebak banjir",,107.6141336,-6.9679709,,32,04,12,101,20250225,5,,2
114,25-Feb-2025,Kab. Bandung,Dayeuhkolot,Dayeuhkolot,,Banjir,Hujan deras menyebabkan debit air sungai meluap," 1,500 ",,,,,,,,,,,,," 6,000 ",,,,,,,,,,,, 50 ," 1,500 ", 4 ,,,,,,,,,,,,"- Pemantauan data peningkatan debit air sungai melalui aplikasi seperti AWLR
- Melaksanakan assessment dan monitoring wilayah
- Melakukan pendataan terkait wilayah yang terdampak
- Melakukan evakuasi warga yang terjebak banjir",,107.6207922,-6.985108,,32,04,12,101,20250225,6,,2
115,25-Feb-2025,Kab. Bandung,Dayeuhkolot,Citeureup,,Banjir,Hujan deras menyebabkan debit air sungai meluap," 3,275 ",,,,,,,,,,,,," 7,298 ",,,,,,,,,,,, 183 ," 1,662 ", 5 , 17 ,,,3,,,,,,,,"- Pemantauan data peningkatan debit air sungai melalui aplikasi seperti AWLR
- Melaksanakan assessment dan monitoring wilayah
- Melakukan pendataan terkait wilayah yang terdampak
- Melakukan evakuasi warga yang terjebak banjir",,107.6244915,-6.9765919,,32,04,12,101,20250225,7,,2
116,26-Feb-2025,Kab. Bandung,Cimaung,Jagabaya,Kp. Pasirlanjung 03/03,Rumah Roboh,, 1 ,,,,,,,,,,,,, 1 ,,,,,,,,,,,,,,,,,,,,,,,,,,,,107.570536,-7.0739131,,32,04,17,401,20250226,1,,2
117,26-Feb-2025,Kab. Bandung,Dayeuhkolot,Cangkuang Wetan,Kp. Bojong Citepus 06/09,Kebakaran Gedung dan Permukiman,, 1 ,,,,,,,,,,,,, 4 ,,,,,,,,,,,,,,,,,,,,,,,,,,,,107.6078044,-6.9792588,,32,04,12,202,20250226,1,,2
118,27-Feb-2025,Kab. Bandung,Cimaung,Sukamaju,Kp. Babakan Pendeuy 02/07,Tanah Longsor,,,,,,,,,,,,,,,,,,,,,,,,,,,,,,,,,,,,,,,,,,,107.543875,-7.103457,,32,04,17,102,20250227,1,,2
119,27-Feb-2025,Kab. Bandung,Ciwidey,Rawabogo,Kp. Tambak Ruyung 01/06,Tanah Longsor,, 1 ,, 1 , 1 , 2 , 1 , 3 ,,,,,,, 6 ,,,,,,,,,,,,,,,,,,,,,,,,,,,,107.4449419,-7.0765385,,32,04,39,102,20250227,1,,2
120,27-Feb-2025,Kab. Bandung,Ciwidey,Rawabogo,Kp. Cangkore 03/15,TPT Jebol/Rubuh,, 1 ,, 2 , 2 , 1 , 1 , 2 ,,,,,,, 4 ,,,,,,,,,,,,,,,,,,,,,,,,,,,,107.4449419,-7.0765385,,32,04,39,402,20250227,1,,2
121,27-Feb-2025,Kab. Bandung,Ciwidey,Rawabogo,Kp. Simpang 01/11,TPT Jebol/Rubuh,, 2 ,,,,,,,,,,,,, 2 ,,,,,,,,,,,,,,,,,,,,,,,,,,,,107.4449419,-7.0765385,,32,04,39,402,20250227,2,,2
122,27-Feb-2025,Kab. Bandung,Ibun,Neglasari,Kp. Gantungan 01/09,Rumah Roboh,, 1 , 2 , 1 , 3 , 2 , 1 , 3 ,,,,,,, 6 ,,,,,,,,,,,,,,,,,,,,,,,,,,,,107.7524652,-7.1205483,,32,04,36,401,20250227,1,,2
123,27-Feb-2025,Kab. Bandung,Pasirjambu,Cibodas,Kp. Tugu 01/9,Tanah Longsor,, 1 ,,,,,,,,,,,,, 4 ,,,,,,,,,,,,,,,,,,,,,,,,,,,,107.4838715,-7.0937149,,32,04,38,102,20250227,1,,2
124,27-Feb-2025,Kab. Bandung,Pasirjambu,Cibodas,Kp. Ciseupan 04/10,Tanah Longsor,, 2 , 2 , 2 , 4 , 4 , 2 , 7 ,,,,,,, 11 ,,,,,,,,,,,,,,,,,,,,,,,,,,,,107.5043072,-7.0898927,,32,04,38,102,20250227,2,,2
125,27-Feb-2025,Kab. Bandung,Cimaung,,Kp. Babakan Pendeuy 002/007,Tanah Longsor,, 1 ,,,,,,,,,,,,, 3 ,,,,,,,,,,,,,,,,,,,,,,,,,,,,107.5756649,-6.9333749,,32,04,17,102,20250227,,,2
126,28-Feb-2025,Kab. Bandung,Kertasari,Tarumajaya,Kp. Cigoong 01/17,Tanah Longsor,, 2 ,,,,,,,,,,,,, 6 ,,,,,,,,,,,,,,,,,,,,,,,,,,,,107.6637471,-7.2043253,,32,04,31,102,20250228,1,,2
127,28-Feb-2025,Kab. Bandung,Kertasari,Cibereum,Kp. Lebaksari 06/17,Rumah Roboh,, 1 ,,,,,,,,,,,,, 5 ,,,,,,,,,,,,,,,,,,,,,,,,,,,,107.6769929,-7.1918926,,32,04,31,401,20250228,1,,2
128,28-Feb-2025,Kab. Bandung,Pangalengan,Pangalengan,Kp. Ciawi RT. 04/22,Banjir,Hujan deras, 1 ,,,,,,,,,,,,, 72 ,,,,,,,,,,,, 12 , 1 ,, 1 ,,,,,,,,,,,"- Berkoordinasi dengan pihak Kecamatan
- Melaksanakan assessment ke lokasi kejadian",,107.5716773,-7.1766494,,32,04,15,101,20250228,1,,2
129,28-Feb-2025,Kab. Bandung,Pangalengan,Pangalengan , Kp. Ciawi Kaler RT.04/22,Tanah Longsor,Hujan deras, 2 ,,,,,,,,,,,,, 7 ,,,,,,,,,,,,, 3 ,, 1 ,,,,,,,,,,,"- Berkoordinasi dengan Pihak Kecamatan dan Desa.
- Bersama Bapak Heri Kamtibmas Pangalengan dan Destana Margamulya Melaksanakan Assesment ke lokasi kejadian.
- Menghimbau kepada pemilik rumah untuk waspada karena di khawatirkan terjadi Tanah Longsor susulan.
- Bergotong Royong membersihkan material Tanah Longsoran.",,107.5777653,-7.1764342,,32,04,15,102,20250228,1,,2
130,28-Feb-2025,Kab. Bandung,PasirJambu,Cibodas,Kp. Ciseupan 04/10,Tanah Longsor,, 1 ,,,,,,,,,,,,, 2 ,,,,,,,,,,,,,,,,,,,,,,,,,,,,107.5043072,-7.0898927,,32,04,38,102,20250228,1,,2
131,28-Feb-2025,Kab. Bandung,Soreang,Sukajadi,Kp. Garung,Tanah Longsor,,,,,,,,,,,,,,,,,,,,,,,,,,,,,,,,,,,,,,,,,,,107.5015466,-7.0748022,,32,04,37,102,20250228,1,,2
132,28-Feb-2025,Kab. Bandung,Soreang,Karamat Mulya,Kp. Sindangmulya 02/20,Rumah Roboh,, 1 ,,,,,,,,,,,,, 4 ,,,,,,,,,,,,,,,,,,,,,,,,,,,,0,0,,32,04,37,401,20250228,1,,2
133,28-Feb-2025,Kab. Bandung,Pasirjambu,,Kp.Sukagalih Mekar 001/012,Tanah Longsor,, 1 ,,,,,,,,,,,,, 1 ,,,,,,,,,,,,,,,,,,,,,,,,,,,,107.4872017,-7.090315,,32,04,38,102,20250228,,,2
134,1-Mar-2025,Kab. Bandung,Cimaung,Cimaung,Kp. Batukerok 05/08,Rumah Roboh,, 1 , 1 , 1 , 2 , 3 , 1 , 4 ,,,,,,, 6 ,,,,,,,,,,,,,,,,,,,,,,,,,,,,107.5619796,-7.0956875,,32,04,17,401,20250301,1,,3
135,1-Mar-2025,Kab. Bandung,Pangalengan,Tribaktimulya,MDTA RA Assalam,Tanah Longsor,,,,,,,,,,,,,,,,,,,,,,,,,,,,,,,,,,,,,,,,,,,107.5591211,-7.1366341,,32,04,15,102,20250301,1,,3
136,3-Mar-2025,Kab. Bandung,Bojongsoang,Bojongsoang,Kp. Bojongosang rw 1,Banjir,,,,,,,,,,,,,,,,,,,,,,,,,,,,,,,,,,,,,,,,,,,107.6364953,-6.9814914,,32,04,08,101,20250303,1,,3
137,3-Mar-2025,Kab. Bandung,Ciwidey,Panundaan,Kp. Cikembang 01/12,TPT Jebol/Rubuh,,,,,,,,,,,,,,,,,,,,,,,,,,,,,,,,,,,,,,,,,,,107.4324273,-7.1193414,,32,04,39,402,20250303,1,,3
138,4-Mar-2025,Kab. Bandung,Margahayu,Sayati,Nataendah 01/02,Rumah Roboh,,,,,,,,,,,,,,,,,,,,,,,,,,,,,,,,,,,,,,,,,,,107.5783022,-6.9620908,,32,04,09,401,20250304,1,,3
139,4-Mar-2025,Kab. Bandung,Majalaya,Sukamaju,Kp. Leuwidulang 02/02,Tanah Longsor,,,,,,,,,,,,,,,,,,,,,,,,,,,,,,,,,,,,,,,,,,,107.7521008,-7.0431181,,32,04,33,102,20250304,1,,3
140,6-Mar-2025,Kab. Bandung,Cileunyi,Cileunyi,Samping Kantor Kecamatan Cileunyi,Tanah Longsor,,,,,,,,,,,,,,,,,,,,,,,,,,,,,,,,,,,,,,,,,,,107.7437149,-6.9408904,,32,04,05,102,20250306,1,,3
141,7-Mar-2025,Kab. Bandung,Dayeuhkolot,Kel. Pasawahan,Jl. Palasari-Cisirung RW 02,Banjir,Curah hujan tinggi dan kiriman air dari hulu, 80 ,,,,,,,,,,,,, 120 ,,,,,,,,,,,,,,,,,,,,,,,,,40-50 cm,"Pihak Kecamatan, Desa, Babinsa, Babinkamtibmas melakukan monitoring langsung",,107.6172068,-6.9738297,,32,04,12,101,20250307,1,,3
142,7-Mar-2025,Kab. Bandung,Dayeuhkolot,Kel. Pasawahan,Jl. Palasari-Cisirung RW 03,Banjir,Curah hujan tinggi dan kiriman air dari hulu, 80 ,,,,,,,,,,,,, 80 ,,,,,,,,,,,,,,,,,,,,,,,,,50-70 cm,"Pihak Kecamatan, Desa, Babinsa, Babinkamtibmas melakukan monitoring langsung",,107.6130225,-6.9753121,,32,04,12,101,20250307,1,,3
143,8-Mar-2025,Kab. Bandung,Arjasari,Patrolsari,rt 1 rw 2,Rumah Roboh,, 1 ,,,,,,,,,,,,,2,,,,,,,,,,,,,,,,,,,,,,,,,,,,107.6474679,-7.0729003,,32,04,16,401,20250308,1,,3
144,8-Mar-2025,Kab. Bandung,Bojongsoang,Bojongsari,Kp. Cigebar 1-5/20,Banjir,Hujan deras dan luapan air Cikapundung serta Citarum," 1,025 ",,,71,,,,,,87,,,,3195,113,,,3,,,,,,3,,368,,,,,,,,,,,,,50-100 cm,Satgas linmas melakukan asesmen ke lokasi dan memberi himbauan agar berhati hati karena cuaca extream,,107.6340957,-6.9913394,,32,04,08,101,20250308,50,,3
145,8-Mar-2025,Kab. Bandung,Bojongsoang,Bojongsari,"Kp. Cigebar 2,6/6",Banjir,Hujan deras dan luapan air Cikapundung serta Citarum,,,,,,,,,,,,,,, 3 ,,,3,,,,,,,,11,,,,,,,,,,,,,30-50 cm,Satgas linmas melakukan asesmen ke lokasi dan memberi himbauan agar berhati hati karena cuaca extream,,107.6540877,-7.0012236,,32,04,08,101,20250308,51,,3
146,8-Mar-2025,Kab. Bandung,Bojongsoang,Bojongsari,Kp. Cigebar 1/1,Banjir,Hujan deras dan luapan air Cikapundung serta Citarum,,,,,,,,,,,,,,,,,,,,,,,,,,,,,,,,,,,,,,,60 cm,Satgas linmas melakukan asesmen ke lokasi dan memberi himbauan agar berhati hati karena cuaca extream,,107.6340957,-6.9913394,,32,04,08,101,20250308,52,,3
147,8-Mar-2025,Kab. Bandung,Bojongsoang,Bojongsari,Kp. Cigebar RW 13,Banjir,Hujan deras dan luapan air Cikapundung serta Citarum,,,,,,,,,,,,,,,,,,,,,,,,,,,,,,,,,,,,,,,30-40 cm,Satgas linmas melakukan asesmen ke lokasi dan memberi himbauan agar berhati hati karena cuaca extream,,107.6341974,-6.994476,,32,04,08,101,20250308,53,,3
148,8-Mar-2025,Kab. Bandung,Bojongsoang,Bojongsoang,"RW 01 (RT 01, 02, 03, 04, 05)",Banjir,Hujan deras dan luapan air Cikapundung serta Citarum, 225 ,,,,,,,,,,,,,670,,,,,,,,,,,,,225,16,1,,,5,,,,46,,,80-120 cm,Satgas linmas melakukan asesmen ke lokasi dan memberi himbauan agar berhati hati karena cuaca extream,,107.6364953,-6.9814914,,32,04,08,101,20250308,54,Taman Air Cijagra,3
149,8-Mar-2025,Kab. Bandung,Bojongsoang,Bojongsoang,"RW 02 (RT 01, 02, 03, 04, 05)",Banjir,,125,,,,,,,,,,,,,375,,,,,,,,,,,,,125,,,,,,,,,,,,,,,107.6364953,-6.9814914,,32,04,08,101,20250308,55,,3
150,8-Mar-2025,Kab. Bandung,Bojongsoang,Bojongsoang,"RW 03 (RT 01, 02, 03, 04, 05, 06, 07)",Banjir,,300,,,,,,,,,,,,,900,,,,,,,,,,,,,300,,,,,,,,,,,,,,,107.6364953,-6.9814914,,32,04,08,101,20250308,56,,3
151,8-Mar-2025,Kab. Bandung,Bojongsoang,Bojongsoang,"RW 04 ((RT 01, 02, 03, 04, 05, 06, 07, 09, 11)",Banjir,,450,,,,,,,,,,,,,1350,,,,,,,,,,,,,450,,,,,,,,,,,,,,,107.6341573,-6.9807593,,32,04,08,101,20250308,57,,3
152,8-Mar-2025,Kab. Bandung,Bojongsoang,Bojongsoang,"RW 09 ((RT 01, 02, 03, 04, 05, 06)",Banjir,,256,,,,,,,,,,,,,768,,,,,,,,,,,,,256,,,,,,,,,,,,,,,107.6364953,-6.9814914,,32,04,08,101,20250308,58,,3
153,8-Mar-2025,Kab. Bandung,Bojongsoang,Bojongsoang,"RW 10 ((RT 01, 02, 03, 04, 05, 06, 07, 08, 09)",Banjir,,432,,,,,,,,,,,,,1269,143,,,50,,,,,,42,,342,432,1,3,,,,,,,24,,,,,,107.6341573,-6.9807593,,32,04,08,101,20250308,59,,3
154,8-Mar-2025,Kab. Bandung,Bojongsoang,Bojongsoang,"RW 11 ((RT 01, 02, 03, 04)",Banjir,,100,,,,,,,,,,,,,300,,,,,,,,,,,,,100,,,,,,,,,,,,,,,107.6364953,-6.9814914,,32,04,08,101,20250308,60,,3
155,8-Mar-2025,Kab. Bandung,Bojongsoang,Bojongsoang,"RW 17 ((RT 01, 02, 03, 04, 05, 06)",Banjir,,150,,,,,,,,,,,,,450,,,,,,,,,,,,,150,,,,,,,,,,,,,,,107.6341573,-6.9807593,,32,04,08,101,20250308,61,,3
156,8-Mar-2025,Kab. Bandung,Bojongsoang,Tegalluar,Kp. Sapan rw 1,Banjir,Hujan deras,4141,,,,,,,,,,,,,13711,175,,,,,,,,,,,714,,,,,,,,,,,,,,,,107.6868897,-6.9768789,,32,04,08,101,20250308,62,,3
157,8-Mar-2025,Kab. Bandung,Dayeuhkolot,Dayeuhkolot,rw1,Banjir,"Hujan deras dan luapan air Cikapundung, Citarum, Cigede, Cipalasari",75,,,,,,,,,,,,,300,16,,,27,,,22,,,6,1,49,2783,,,1,,,,,,,,,20 - 130 cm,Satgas linmas melakukan asesmen ke lokasi dan memberi himbauan agar berhati hati karena cuaca extream,,107.6208236,-6.9864158,,32,04,12,101,20250308,1,Shelter Desa Dayeuhkolot,3
158,8-Mar-2025,Kab. Bandung,Dayeuhkolot,Dayeuhkolot,rw2,Banjir,,410,,,,,,,,,,,,,1640,,,,,,,,,,,,,,,,,,,,,,,,,,,,107.6208236,-6.9864158,,32,04,12,101,20250308,2,,3
159,8-Mar-2025,Kab. Bandung,Dayeuhkolot,Dayeuhkolot,rw3,Banjir,,375,,,,,,,,,,,,,1500,12,,,,,,,,,,,25,,,,,,,,,,,,,,,,107.6208236,-6.9864158,,32,04,12,101,20250308,3,,3
160,8-Mar-2025,Kab. Bandung,Dayeuhkolot,Dayeuhkolot,rw4,Banjir,,420,,,,,,,,,,,,,1680,,,,,,,,,,,,,,,,,,,,,,,,,,,,107.6208236,-6.9864158,,32,04,12,101,20250308,4,,3
161,8-Mar-2025,Kab. Bandung,Dayeuhkolot,Dayeuhkolot,rw5,Banjir,,250,,,,,,,,,,,,,1000,5,,,,,,,,,,,11,,,,,,,,,,,,,,,,107.6208236,-6.9864158,,32,04,12,101,20250308,5,,3
162,8-Mar-2025,Kab. Bandung,Dayeuhkolot,Dayeuhkolot,rw8,Banjir,,220,,,,,,,,,,,,,880,,,,,,,,,,,,,,,,,,,,,,,,,,,,107.6208236,-6.9864158,,32,04,12,101,20250308,6,,3
163,8-Mar-2025,Kab. Bandung,Dayeuhkolot,Dayeuhkolot,rw9,Banjir,,385,,,,,,,,,,,,,1540,,,,,,,,,,,,,,,,,,,,,,,,,,,,107.6208236,-6.9864158,,32,04,12,101,20250308,7,,3
164,8-Mar-2025,Kab. Bandung,Dayeuhkolot,Dayeuhkolot,rw10,Banjir,,235,,,,,,,,,,,,,940,,,,,,,,,,,,,,,,,,,,,,,,,,,,107.6208236,-6.9864158,,32,04,12,101,20250308,8,,3
165,8-Mar-2025,Kab. Bandung,Dayeuhkolot,Dayeuhkolot,rw11,Banjir,,285,,,,,,,,,,,,,1140,,,,,,,,,,,,,,,,,,,,,,,,,,,,107.6208236,-6.9864158,,32,04,12,101,20250308,9,,3
166,8-Mar-2025,Kab. Bandung,Dayeuhkolot,Dayeuhkolot,rw12,Banjir,,233,,,,,,,,,,,,,932,,,,,,,,,,,,,,,,,,,,,,,,,,,,107.6208236,-6.9864158,,32,04,12,101,20250308,10,,3
167,8-Mar-2025,Kab. Bandung,Dayeuhkolot,Dayeuhkolot,rw13,Banjir,,115,,,,,,,,,,,,,460,,,,,,,,,,,,,,,,,,,,,,,,,,,,107.6208236,-6.9864158,,32,04,12,101,20250308,11,,3
168,8-Mar-2025,Kab. Bandung,Dayeuhkolot,Dayeuhkolot,rw14,Banjir,,275,,,,,,,,,,,,,1100,25,,,11,,,30,,,6,1,76,,,,,,,,,,,,,,,,107.6208236,-6.9864158,,32,04,12,101,20250308,12,,3
169,8-Mar-2025,Kab. Bandung,Dayeuhkolot,Cangkuang Wetan,"Kp. Pandeureusan 07/01, Kp. Cibedug Hilir 05/06, & Kp. Cibedug Girang 01/02",Banjir,"Curah hujan tinggi disertai angin, petir dan kiriman air dari hulu",80,,,,,,,,,,,,,320,7,,,3,,,,,,4,3,27,80,,,,,,,1,,,,,30 cm,"-Pihak Kecamatan, Desa, Babinsa, Babinkamtibmas melakukan monitoring langsung",,107.6004255,-6.9806191,,32,04,12,101,20250308,13,Kantor RW 01 ,3
170,8-Mar-2025,Kab. Bandung,Dayeuhkolot,Cangkuang Wetan,Kp. Sukaluyu 02/12,Rumah Roboh,,1,,,,,,,,,,,,,6,,,,,,,,,,,,,1,,,,,,,,,,,,,,,107.6060677,-6.9641275,,32,04,12,401,20250308,14,,3
171,8-Mar-2025,Kab. Bandung,Dayeuhkolot,Citeureup,rw1,Banjir,"Hujan deras dan luapan air Cikapundung, Citarum, Cigede, Cipalasari",426,,,,,,,,,,,,,1104,,,,,,,,,,,,,387,,,,,,,,,,,,10-140 cm,,,107.6229852,-6.9844759,,32,04,12,101,20250308,15,"- Mesjid Miftahul Falah RW.07
-Mesjid Annur, Gedung Cyber, Pondok Al-Quran Sukabirus RW. 13
- Mesjid At Taqwa Sukabirus RW 8
- Mesjid Baitul Ikhsan Lumajang RW. 6
-Mesjid Miftahul Jannah Lamajang RW 16
- RW 05
- RW 06",3
172,8-Mar-2025,Kab. Bandung,Dayeuhkolot,Citeureup,rw2,Banjir,Hujan deras,261,,,,,,,,,,,,,785,,,,,,,,,,,,,241,,,,,,,,,,,,,,,107.6229852,-6.9844759,,32,04,12,101,20250308,16,,3
173,8-Mar-2025,Kab. Bandung,Dayeuhkolot,Citeureup,rw3,Banjir,Hujan deras,550,,,,,,,,,,,,,1400,,,,,,,,,,,,,547,,,,,,,,,,,,,,,107.6229852,-6.9844759,,32,04,12,101,20250308,17,,3
174,8-Mar-2025,Kab. Bandung,Dayeuhkolot,Citeureup,rw4,Banjir,Hujan deras,100,,,,,,,,,,,,,250,,,,,,,,,,,,,,,,,,,,,,,,,,,,107.6229852,-6.9844759,,32,04,12,101,20250308,18,,3
175,8-Mar-2025,Kab. Bandung,Dayeuhkolot,Citeureup,rw5,Banjir,Hujan deras,290,,,,,,,,,,,,,685,17,,,24,,,25,,,6,,55,289,,,,,,,,,,,,,,,107.6229852,-6.9844759,,32,04,12,101,20250308,19,,3
176,8-Mar-2025,Kab. Bandung,Dayeuhkolot,Citeureup,rw6,Banjir,Hujan deras,200,,,,,,,,,,,,,456,9,,,3,,,,,,6,,28,112,,,,,,,,,,,,,,,107.6229852,-6.9844759,,32,04,12,101,20250308,20,,3
177,8-Mar-2025,Kab. Bandung,Dayeuhkolot,Citeureup,,Banjir,Hujan deras,,,,,,,,,,,,,,,9,,,3,,,25,,,,,28,,,,,,,,,,,,,,,,107.6244915,-6.9765919,,32,04,12,101,20250308,21,,3
178,8-Mar-2025,Kab. Bandung,Dayeuhkolot,Citeureup,rw7,Banjir,Hujan deras,320,,,,,,,,,,,,,987,8,,,4,,,,,,3,,32,142,,,,,,,,,,,,,,,107.6229852,-6.9844759,,32,04,12,101,20250308,22,,3
179,8-Mar-2025,Kab. Bandung,Dayeuhkolot,Citeureup,rw8,Banjir,Hujan deras,246,,,,,,,,,,,,,657,36,,,56,,,,,,37,,96,114,,,,,,,,,,,,,,,107.6229852,-6.9844759,,32,04,12,101,20250308,23,,3
180,8-Mar-2025,Kab. Bandung,Dayeuhkolot,Citeureup,,Banjir,Hujan deras,,,,,,,,,,,,,,,15,,,10,,,,,,3,,50,,,,,,,,,,,,,,,,107.6244915,-6.9765919,,32,04,12,101,20250308,24,,3
181,8-Mar-2025,Kab. Bandung,Dayeuhkolot,Citeureup,rw9,Banjir,Hujan deras,15,,,,,,,,,,,,,38,,,,,,,,,,,,,75,,,,,,,,,,,,,,,107.6229852,-6.9844759,,32,04,12,101,20250308,25,,3
182,8-Mar-2025,Kab. Bandung,Dayeuhkolot,Citeureup,rw10,Banjir,Hujan deras,98,,,,,,,,,,,,,375,,,,,,,,,,,,,48,,,,,,,,,,,,,,,107.6229852,-6.9844759,,32,04,12,101,20250308,26,,3
183,8-Mar-2025,Kab. Bandung,Dayeuhkolot,Citeureup,rw13,Banjir,Hujan deras,325,,,,,,,,,,,,,1033,,,,,,,,,,,,,215,,,,,,,,,,,,,,,107.6229852,-6.9844759,,32,04,12,101,20250308,27,,3
184,8-Mar-2025,Kab. Bandung,Dayeuhkolot,Citeureup,rw14,Banjir,Hujan deras,522,,,,,,,,,,,,,1295,,,,,,,,,,,,,455,,,,,,,,,,,,,,,107.6229852,-6.9844759,,32,04,12,101,20250308,28,,3
185,8-Mar-2025,Kab. Bandung,Dayeuhkolot,Citeureup,rw15,Banjir,Hujan deras,265,,,,,,,,,,,,,678,,,,,,,,,,,,,201,,,,,,,,,,,,,,,107.6229852,-6.9844759,,32,04,12,101,20250308,29,,3
186,8-Mar-2025,Kab. Bandung,Dayeuhkolot,Citeureup,rw16,Banjir,Hujan deras,396,,,,,,,,,,,,,984,22,,,11,,,,,,6,,55,321,,,,,,,,,,,,,,,107.6229852,-6.9844759,,32,04,12,101,20250308,30,,3
187,8-Mar-2025,Kab. Bandung,Dayeuhkolot,Citeureup,rw17,Banjir,Hujan deras,330,,,,,,,,,,,,,983,,,,,,,,,,,,,165,5,17,,,3,,,,,,,,,,107.6229852,-6.9844759,,32,04,12,101,20250308,31,,3
188,8-Mar-2025,Kab. Bandung,Dayeuhkolot,Kelurahan Pasawahan,rw 2,Banjir,Hujan deras,80,,,,,,,,,,,,,120,,,,,,,,,,,,,,,,,,,,,,,,,,,,107.6116958,-6.9752463,,32,04,12,101,20250308,32,,3
189,8-Mar-2025,Kab. Bandung,Dayeuhkolot,Kelurahan Pasawahan,rw 3,Banjir,Hujan deras,90,,,,,,,,,,,,,360,,,,,,,,,,,,,,,,,,,,,,,,,,,,107.6116958,-6.9752463,,32,04,12,101,20250308,33,,3
190,8-Mar-2025,Kab. Bandung,Baleendah,Kelurahan Baleendah,Kp. Cikarees rw 21,Banjir,Hujan deras,396,,,,,,,,,,,,,850,60,,,,,,,,,,,180,282,4,,,,,,,,,,,,,,107.6313739,-6.9956438,,32,04,32,101,20250308,34,,3
191,8-Mar-2025,Kab. Bandung,Baleendah,Kelurahan Baleendah,Kp. Cikarees rw 27,Banjir,Hujan deras,25,,,,,,,,,,,,,65,,,,,,,,,,,,,24,,,,,,,,,,,,,,,107.6398772,-7.0059457,,32,04,32,101,20250308,35,,3
192,8-Mar-2025,Kab. Bandung,Baleendah,Rancamanyar,rw1,Banjir,Hujan deras,110,,,,,,,,,,,,,346,,,,,,,,,,,,,110,,,,,,,,,,,,,,,107.5966198,-6.9830527,,32,04,32,101,20250308,36,,3
193,8-Mar-2025,Kab. Bandung,Baleendah,Rancamanyar,rw2,Banjir,Hujan deras,65,,,,,,,,,,,,,176,,,,,,,,,,,,,59,,,,,,,,,,,,,,,107.5967885,-6.9964761,,32,04,32,101,20250308,37,,3
194,8-Mar-2025,Kab. Bandung,Baleendah,Rancamanyar,rw3,Banjir,Hujan deras,185,,,,,,,,,,,,,496,8,,,,,,,,,,,27,185,,,,,,,,,,,,,,,107.5967885,-6.9964761,,32,04,32,101,20250308,38,,3
195,8-Mar-2025,Kab. Bandung,Baleendah,Rancamanyar,rw6,Banjir,Hujan deras,25,,,,,,,,,,,,,74,,,,,,,,,,,,,25,,,,,,,,,,,,,,,107.5967885,-6.9964761,,32,04,32,101,20250308,39,,3
196,8-Mar-2025,Kab. Bandung,Baleendah,Rancamanyar,rw7,Banjir,Hujan deras,10,,,,,,,,,,,,,37,,,,,,,,,,,,,10,,,,,,,,,,,,,,,107.5967885,-6.9964761,,32,04,32,101,20250308,40,,3
197,8-Mar-2025,Kab. Bandung,Baleendah,Rancamanyar,rw15,Banjir,Hujan deras,50,,,,,,,,,,,,,95,,,,,,,,,,,,,50,,,,,,,,,,,,,,,107.598866,-6.987399,,32,04,32,101,20250308,41,,3
198,8-Mar-2025,Kab. Bandung,Baleendah,Rancamanyar,rw16,Banjir,Hujan deras,122,,,,,,,,,,,,,293,,,,,,,,,,,,,122,,,,,,,,,,,,,,,107.5967885,-6.9964761,,32,04,32,101,20250308,42,,3
199,8-Mar-2025,Kab. Bandung,Baleendah,Andir,rw7,Banjir,Hujan deras,12,,,,,,,,,,,,,32,,,,,,,,,,,,,10,,,,,,,,,,,,,,,107.6185727,-6.99228,,32,04,32,101,20250308,43,,3
200,8-Mar-2025,Kab. Bandung,Baleendah,Andir,rw8,Banjir,Hujan deras,18,,,,,,,,,,,,,38,,,,,,,,,,,,,15,,,,,,,,,,,,,,,107.6185727,-6.99228,,32,04,32,101,20250308,44,,3
201,8-Mar-2025,Kab. Bandung,Baleendah,Andir,rw10,Banjir,Hujan deras,23,,,,,,,,,,,,,78,,,,,,,,,,,,,21,,,,,,,,,,,,,,,107.6185727,-6.99228,,32,04,32,101,20250308,45,,3
202,8-Mar-2025,Kab. Bandung,Baleendah,Andir,rw09,Banjir,Hujan deras,20,,,,,,,,,,,,,49,,,,,,,,,,,,,17,,,,,,,,,,,,,,,107.6159512,-7.0003972,,32,04,32,101,20250308,46,,3
203,8-Mar-2025,Kab. Bandung,Baleendah,Andir,rw2,Banjir,Hujan deras,27,,,,,,,,,,,,,85,,,,,,,,,,,,,27,,,,,,,,,,,,,,,107.6185727,-6.99228,,32,04,32,101,20250308,47,,3
204,8-Mar-2025,Kab. Bandung,Baleendah,Bojongmalaka,,Banjir,Hujan deras,30,,,,,,,,,,,,,57,,,,,,,,,,,,,30,,,,,,,,,,,,,,,107.6052558,-6.9915021,,32,04,32,101,20250308,48,,3
205,8-Mar-2025,Kab. Bandung,Baleendah,Wargamekar,,Banjir,Hujan deras,2,,,,,,,,,,,,,8,,,,,,,,,,,,,,,,,,,,,,,,,,,,107.6718469,-7.0211581,,32,04,32,101,20250308,49,,3
206,8-Mar-2025,Kab. Bandung,Soreang,Karamatmulya,Kp. Sumur Bandung,Tanah Longsor,,5,,,,,,,,,,,,,20,,,,,,,,,,,,,,1,,,5,,,,,,,,,,,107.5247556,-7.0294919,,32,04,37,102,20250308,75,,3
207,8-Mar-2025,Kab. Bandung,Soreang,CIngcin,CPI,Banjir,,,,,,,,,,,,,,,,,,,,,,,,,,,,,,,,,,,,,,,,,,,107.5461775,-7.0241644,,32,04,37,101,20250308,63,,3
208,8-Mar-2025,Kab. Bandung,Banjaran,Banjaran Wetan,Kp. Bojongpulus,Tanah Longsor,,1,,,,,,,,,,,,,2,,,,,,,,,,,,,,,,,,,,,,,,,,,,107.5924388,-7.0463983,,32,04,13,102,20250308,76,,3
209,8-Mar-2025,Kab. Bandung,Majalaya,Padaulun,Kp. Buah Nunggal,Tanah Longsor,,,,,,,,,,,,,,,,,,,,,,,,,,,,,,,,,,,,,,,,,,,107.7259073,-7.0665506,,32,04,33,102,20250308,77,,3
210,8-Mar-2025,Kab. Bandung,Solokanjeruk,Panyadap,"Kp. Bojongkeusik rw 2,3,4&5",TPT Jebol/Rubuh,,91,,,,,,,,,,,,,293,,,,,,,,,,,,,,1,,,,,,,,,,,,,,107.7688069,-7.0249528,,32,04,34,402,20250308,78,,3
211,8-Mar-2025,Kab. Bandung,Kertasari,Sukapura,Kp. Pacet,Banjir,,2,,,,,,,,,,,,,6,,,,,,,,,,,,,,,,,,,,,,,,,,,,107.6955277,-7.1647417,,32,04,31,101,20250308,64,,3
212,8-Mar-2025,Kab. Bandung,Kertasari,Tarumajaya,,Tanah Longsor,,2,,,,,,,,,,,,,13,,,,,,,,,,,,,,,,,,,,,,,,,,,,107.6570475,-7.2257144,,32,04,31,102,20250308,79,,3
213,8-Mar-2025,Kab. Bandung,Kertasari,Cibeureum,,Tanah Longsor,,,,,,,,,,,,,,,,,,,,,,,,,,,,,,,,,,,,,,,,,,,107.6629672,-7.1892838,,32,04,31,102,20250308,80,,3
214,8-Mar-2025,Kab. Bandung,Paseh,Loa,Kp. Cilopang,Tanah Longsor,,1,,,,,,,,,,,,,4,,,,,,,,,,,,,,,,,,,,,,,,,,,,107.7923882,-7.0839586,,32,04,35,102,20250308,81,,3
215,8-Mar-2025,Kab. Bandung,Paseh,Loa,Kp. Cidadap,Banjir,,2,,,,,,,,,,,,,5,,,,,,,,,,,,,,,,,,,,,,,,,,,,107.7857959,-7.0716548,,32,04,35,101,20250308,65,,3
216,8-Mar-2025,Kab. Bandung,Paseh,Tangsi Mekar,,TPT Jebol/Rubuh,,,,,,,,,,,,,,,,,,,,,,,,,,,,,,,,,,,,,,,,,,,107.7887901,-7.0307937,,32,04,35,402,20250308,82,,3
217,8-Mar-2025,Kab. Bandung,Paseh,Sukamatri,Kp. Pasir Angin RT 11 RW 14,Banjir,,200,,,,,,,,,,,,,516,,,,,,,,,,,,,20,,,,,,,,,,,,,,,107.7654862,-7.0602851,,32,04,35,101,20250308,66,,3
218,8-Mar-2025,Kab. Bandung,Paseh,Drawati,,Tanah Longsor,,,,,,,,,,,,,,,,,,,,,,,,,,,,,,,,,,,,,,,,,,,107.8080386,-7.0777248,,32,04,35,102,20250308,83,,3
219,8-Mar-2025,Kab. Bandung,Paseh,Cijagra,Kp. Elos RW 02 dan Kp. Legok Muncang RW 03,Banjir,,105,,,,,,,,,,,,,215,,,,,,,,,,,,,,,,,,,,,,,,,,,,107.7870926,-7.0354192,,32,04,35,101,20250308,67,,3
220,8-Mar-2025,Kab. Bandung,Paseh,Cipaku,Kp. Rajadesa RT 02 RW 04,Banjir,,1,,,,,,,,,,,,,3,,,,,,,,,,,,,,,,,,,,,,,,,,,,107.7780104,-7.0526551,,32,04,35,101,20250308,68,,3
221,8-Mar-2025,Kab. Bandung,Margahayu,Sukamenak,rw 16,Banjir,,37,,,,,,,,,,,,,148,37,,,,,,,,,,,148,36,,,,,,,,,,,,,,,107.5780681,-6.9747545,,32,04,09,101,20250308,69,,3
222,8-Mar-2025,Kab. Bandung,Margahayu,Sukamenak,rw 5,Banjir,,,,,,,,,,,,,,,,,,,,,,,,,,,,,,,,,,,,,,,,,,,107.5847678,-6.9717277,,32,04,09,101,20250308,70,,3
223,8-Mar-2025,Kab. Bandung,Pameungpeuk,Bojongmanggu,Kp. Bojongkoneng 04/06,Banjir,,50,,,,,,,,,,,,,150,,,,,,,,,,,,,150,,,,,,,,,,,,,,,107.6014284,-7.0275984,,32,04,14,101,20250308,71,,3
224,8-Mar-2025,Kab. Bandung,Ciparay,Sumbersari,"Kp. Sapan rw 7,11 dan 13",Banjir,,750,,,,,,,,,,,,,3000,,,,,,,,,,,,,630,,2,,,,,,,,,,,,,107.7034975,-6.9909497,,32,04,29,101,20250308,72,,3
225,8-Mar-2025,Kab. Bandung,Rancaekek,Sukamanah,rw 1-17,Banjir,Meluapnya Sungai Citarik,921,,,256,,,,,,202,,,,2558,,,,,,,,,,,,,528,,,,,,,,360,54,,,,,,107.7404107,-6.9931984,,32,04,28,101,20250308,73,,3
226,8-Mar-2025,Kab. Bandung,Majalaya,Neglasari,Kp. Pangupukan 02/06,TPT Jebol/Rubuh,Hujan deras,1,,,,,,,,,,,,,4,,,,,,,,,,,,,,,,,,,,,,,,,,,,107.7310526,-7.0755836,,32,04,33,402,20250308,84,,3
227,8-Mar-2025,Kab. Bandung,Cileunyi,,"Kp. Sukarame rt 1,2,3 rw 18",Banjir,Hujan deras,60,,,,,,,,,,,,,240,,,,,,,,,,,,,,,,,,,,,,,,,,,,107.7195274,-6.9668413,,32,04,05,101,20250308,74,,3
228,8-Mar-2025,Kab. Bandung,Cimenyan,Mekarmanik,Kp. Pamoyanan 03/11,Tanah Longsor,Hujan deras,1,,,,,,,,,,,,,5,,,,,,,,,,,,,,,,,,,,,,,,,,,,107.6944248,-6.8678574,,32,04,06,102,20250308,85,,3
229,12-Mar-2025,Kab. Bandung,Cileunyi,Cileunyi Wetan,Kp. Gedong 02/10,Kebakaran Gedung dan Permukiman,Dugaan konsleting listrik,1,,,,,,,,,,,,,4,,,,,,,,,,,,,,,,,,,,,,,,,,,,107.755281,-6.9310997,,32,04,05,202,20250312,1,,3
230,13-Mar-2025,Kab. Bandung,Rancaekek,Nanjung Mekar,"RW 4,5,10,11 dan 14",Banjir,Luapan sungai cimande dan sungai citarik,148,,,120,,,,,,,,,1,496,,,,,,,,,,,,,,,,,,,,,,,,,,,,107.8124807,-6.9706412,,32,04,28,101,20250313,1,,3
231,13-Mar-2025,Kab. Bandung,Cicalengka,Tenjolaya,Kp. Simpen  05/05,Tanah Longsor,Intensitas hujan tinggi,1,,,,,,,,,,,,,10,1,,,,,,,,,,,10,,,,,,,,,,,,,,,,107.8424908,-6.980608,,32,04,25,102,20250313,2,,3
232,15-Mar-2025,Kab. Bandung,Rancaekek,Nanjung Mekar,"RW 2,3,4,5,6,7,10,11,12 dan 14",Banjir,Luapan sungai cimande dan sungai citarik,233,,,132,,,,,,27,,,2,561,16,,,21,,,,,,8,,45,,,,,,,,,,,,,,,,107.8124807,-6.9706412,,32,04,28,101,20250315,1,,3
233,15-Mar-2025,Kab. Bandung,Cileunyi,Cileunyi Wetan,Kp. Sekeangrih rw 20,Tanah Longsor,Retakaan besat,3,,,,,,,,,,,,,12,,,,,,,,,,,,,,,,,,,,,,,,,,,,107.752907,-6.938658,,32,04,05,102,20250315,2,,3
234,15-Mar-2025,Kab. Bandung,Rancaekek,Rancaekek Kulon,Kp. Tanggulun 3/11,Rumah Roboh,,,,,,,,,,,,,,,,,,,,,,,,,,,,,,,,,,,,,,,,,,,107.7513844,-6.9611715,,32,04,28,401,20250315,1,,3
235,15-Mar-2025,Kab. Bandung,Cilengkrang,Ciporeat,Kp. Parabonan 4/5,Tanah Longsor,,1,,,,,,,,,,,,,4,,,,,,,,,,,,,,,,,,,,,,,,,,,,107.7251314,-6.8800908,,32,04,07,102,20250315,1,,3
236,15-Mar-2025,Kab. Bandung,Cimenyan,Mekarmanik,Kp. Pamoyanan 5/2.,Tanah Longsor,,,,,,,,,,,,,,,,,,,,,,,,,,,,,,,,,,,,,,,,,,,107.693822,-6.8713499,,32,04,06,102,20250315,1,,3
237,15-Mar-2025,Kab. Bandung,Cimenyan,Mekarmanik,Kp. Cikored 4/5,Tanah Longsor,,,,,,,,,,,,,,,,,,,,,,,,,,,,,,,,,,,,,,,,,,,107.6944248,-6.8678574,,32,04,06,102,20250315,2,,3
238,15-Mar-2025,Kab. Bandung,Cimenyan,Mekarmanik,Kp. Sentakdulang 1/12,Tanah Longsor,,,,,,,,,,,,,,,,,,,,,,,,,,,,,,,,,,,,,,,,,,,107.6944248,-6.8678574,,32,04,06,102,20250315,3,,3
239,15-Mar-2025,Kab. Bandung,Cimenyan,Mekarmanik,Kp. Tareptep 2/6,Tanah Longsor,,,,,,,,,,,,,,,,,,,,,,,,,,,,,,,,,,,,,,,,,,,107.690616,-6.8581481,,32,04,06,102,20250315,4,,3
240,15-Mar-2025,Kab. Bandung,Cimenyan,Mekarmanik,Kp. Pondok 2/7,Tanah Longsor,,,,,,,,,,,,,,,,,,,,,,,,,,,,,,,,,,,,,,,,,,,107.6944248,-6.8678574,,32,04,06,102,20250315,5,,3
241,15-Mar-2025,Kab. Bandung,Cimenyan,Mekarmanik,Kp. Pondok 2/14,Tanah Longsor,,,,,,,,,,,,,,,,,,,,,,,,,,,,,,,,,,,,,,,,,,,107.6944248,-6.8678574,,32,04,06,102,20250315,6,,3
242,15-Mar-2025,Kab. Bandung,Cimenyan,Mekarmanik,Kp. Pondok 2/8,Tanah Longsor,,,,,,,,,,,,,,,,,,,,,,,,,,,,,,,,,,,,,,,,,,,107.6944248,-6.8678574,,32,04,06,102,20250315,7,,3
243,15-Mar-2025,Kab. Bandung,Cimenyan,Mekarmanik,Kp. Pamoyanan 3/1,Tanah Longsor,,,,,,,,,,,,,,,,,,,,,,,,,,,,,,,,,,,,,,,,,,,107.693822,-6.8713499,,32,04,06,102,20250315,8,,3
244,15-Mar-2025,Kab. Bandung,Kertasari,Tarumajaya,Kp. Babakan Citarum 4/3,Banjir,Luapan air selokan,7,,,,,,,,,,,,,26,,,,,,,,,,,,,,,,,,,,,,,,,,,,107.6587781,-7.2026854,,32,04,31,101,20250315,1,,3
245,15-Mar-2025,Kab. Bandung,Kertasari,Tarumajaya,Kp. Babakan Citarum 2/3,Banjir,,6,,,,,,,,,,,,,27,3,,,,,,,,,,,10,,,,,,,,,,,,,,,,107.6637471,-7.2043253,,32,04,31,101,20250315,2,,3
246,15-Mar-2025,Kab. Bandung,Rancabali,Cipelah,Kp. CImanglid 2/2,Tanah Longsor,,1,,,,,,,,,,,,,4,1,,,,,,,,,,,4,,,,,,,,,,,,,,,,107.2699564,-7.1975997,,32,04,40,102,20250315,1,,3
247,15-Mar-2025,Kab. Bandung,Rancabali,Cipelah,Kp. Ciherang 2/5,TPT Jebol/Rubuh,,,,,,,,,,,,,,,,,,,,,,,,,,,,,,,,,,,,,,,,,,,107.295212,-7.17937,,32,04,40,402,20250315,2,,3
248,15-Mar-2025,Kab. Bandung,Pangalengan,Margamulya,Kp Pasirmulus,Kebakaran Gedung dan Permukiman,,1,,,,,,,,,,,,,4,,,,,,,,,,,,,,,,,,,,,,,,,,,,107.5722684,-7.1696498,,32,04,15,202,20250315,1,,3
249,15-Mar-2025,Kab. Bandung,Pangalengan,Margamulya,Kp. Puncak Mulya 3/11,Tanah Longsor,,1,,,,,,,,,,,,,4,,,,,,,,,,,,,,,,,,,,,,,,,,,,107.4652889,-7.083361,,32,04,15,102,20250315,1,,3
250,15-Mar-2025,Kab. Bandung,Pangalengan,Margamulya,Kp. Pasirmulya 2/18,Tanah Longsor,,2,,,,,,,,,,,,,8,,,,,,,,,,,,,,,,,,,,,,,,,,,,107.5822037,-7.1719056,,32,04,15,102,20250315,2,,3
251,15-Mar-2025,Kab. Bandung,Pangalengan,Margamulya,Kp Babakanmulya Rw 18,Tanah Longsor,,,,,,,,,,,,,,,,,,,,,,,,,,,,,,,,,,,,,,,,,,,,,,,,,,,,,
252,15-Mar-2025,Kab. Bandung,Ciwidey,Lebakmuncang,Kp. Batu Lulumpang,TPT Jebol/Rubuh,,,,,,,,,,,,,,,,,,,,,,,,,,,,,,,,,,,,,,,,,,,107.4193768,-7.0855647,,32,04,39,402,20250315,1,,3
253,15-Mar-2025,Kab. Bandung,Cileunyi,Cileunyi Wetan,Kp. Seke Angring,Tanah Longsor,,,,,,,,,,,,,,,,,,,,,,,,,,,,,,,,,,,,,,,,,,,107.7394937,-6.9453541,,32,04,05,102,20250315,1,,3
254,15-Mar-25,Kab. Bandung,Margaasih,Margaasih,Kp Rancamalang Rt 01 Rw 10,Banjir,,,,,,,,,,,,,,,,,,,,,,,,,,,,,,,,,,,,,,,,,,,,,,,,,,,,,
255,16-Mar-2025,Kab. Bandung,Cimenyan,Mekarmanik,Kp. Pondok 02/07,Tanah Longsor,Hujan dengan intensitas tinggi,2,,,,,,,,,,,,,7,,,,,,,,,,,,,,,,,,,,,,,,,,,,107.69104,-6.868357,,32,04,06,102,20250315,1,,3
256,17 Mar 25,Kab. Bandung,Cimaung,Sukamaju,Kp Mekarlakasana Rw 12,Tanah Longsor,,,,,,,,,,,,,,,,,,,,,,,,,,,,,,,,,,,,,,,,,,,,,,,,,,,,,
257,18-Mar-2025,Kab. Bandung,Baleendah,Baleendah,Kp. Sipatahunan,Tanah Longsor,Tanah terbawa air,2,,,,,,,,,,,,,5,,,,,,,,,,,,,,,,,,,,,,,,,,,,107.6203569,-7.0121249,,32,04,32,102,20250315,1,,3
258,19-Mar-2025,Kab. Bandung,Cangkuang,Bandasari,Kp. Legoknyenang 01/02,Tanah Longsor,,1,,,,,,,,,,,,,4,,,,,,,,,,,,,,,,,,,,,,,,,,,,107.507312,-7.0533694,,32,04,44,102,20250315,,,3
259,20-Mar-2025,Kab. Bandung,Cilengkrang,Ciporeat,Kp.Parobonan Rt 04 Rw 05,Kebakaran Gedung dan Permukiman,Konsleting Listrik,1,,,,,,,,,,,,,4,,,,,,,,,,,,,1,,,,,,,,,,,,,,,,,,32,04,07,202,20250315,,,3
260,20-Mar-25,Kab. Bandung,Rancabali,Patenggang,"Kp,Rahayu Rw 11",Kebakaran Gedung dan Permukiman,,3,,,,,,,,,,,,,,,,,,,,,,,,,,,,,,,,,,,,,,,,,,,,32,04,40,202,20250315,,,3
261,3-April-2025,Kab. Bandung,Margahayu,Sayati,Kp.Sayati Rt01 Rw03,Banjir,Hujan Intensitas Deras diwilayah Kab.bandung,1,,,,,1,,,,,,,,,,,,,,,,,,,,,,,,,,,,,,,,,,,,,,,32,04,09,101,20250315,,,4
262,3-Apr-25,Kab. Bandung,Cimenyan,Mekarsaluyu,Kp.Ciharalang Rt.04 Rw 01,Tanah Longsor,Hujan Intensitas Deras diwilayah Kab.bandung,1,,1,,,,,,,,,,,,,,,,,,,,,,,,1,,,,,,,,,,,,,,,,,,32,04,06,102,20250315,,,4
263,3-Apr-25,Kab. Bandung,Soreang,Sukajadi,Kp.Cileutik Rt02 Rw14,Banjir,Hujan Intensitas Deras diwilayah Kab.bandung,1,,,,,,,,,,,,,,,,,,,,,,,,,,1,,,,,,,,,,,,,,,,,,32,04,37,101,20250315,,,4
264,3-Apr-25,Kab. Bandung,Pacet,Cipeujeuh,Kp.Pasir Astana Rt01 Rw06,Tanah Longsor,hujan Intensitas Deras diwilayah Kab.bandung,1,,,,,,,,,,,,,,,,,,,,,,,,,,1,,,,,,,,,,,,,,,,,,32,04,30,102,20250315,,,4
265,6-Apr-25,Kab. Bandung,Bojongsoang,Bojongsoang,"Wilayah Desa Bojongsoang Rw 10, 09, 11, dan 17",Banjir,Hujan Intensitas Deras diwilayah Kab.bandung,,,,,,,,,,,,,,,,,,,,,,,,,,,,,,,,,,,,,,,,,,,,,32,04,08,101,20250315,,,4
266,6-Apr-25,Kab. Bandung,Bojongsoang,Bojongsari,Rw 20 Rt 04 - 02,Banjir,HUjan Intensitas Deras diwilayah Kab.bandung,,,,,,,,,,,,,,,,,,,,,,,,,,,,,,,,,,,,,,,,,,,,,32,04,08,101,20250315,,,4
267,6-Apr-25,Kab. Bandung,Bojongsoang,Cipagalo,Jl.Ciganitri Mukti Rw11 Rt 04,Pohon Tumbang,HUjan Intensitas Deras diwilayah Kab.bandung,,,,,,,,,,,,,,,,,,,,,,,,,,,,,,,,,,,,,,,,,,,,,32,04,08,403,20250315,,,4
268,6-Apr-25,Kab. Bandung,Dayeuhkolot,Citeurep,Jl.raya Dayeuhkolot Mesjid As-Shofia,Banjir,Hujan Intensitas Deras diwilayah Kab.bandung,,,,,,,,,,,,,,,,,,,,,,,,,,,,,,,,,,,,,,,,,,,,,32,04,12,101,20250315,,,4
269,7-Apr-25,Kab. Bandung,Katapang,Cilampeni,"Kp Lebak Muncang Rt 01 Rw 17,",Rumah Roboh,,,,,,,,,,,,,,,,,,,,,,,,,,,,,,,,,,,,,,,,,,,,,,32,04,11,401,20250315,,,4
270,6-Mei-25,Kab. Bandung,Cimaung,Desa Cipinang,Kp. Batureok RT001/RW005,Rumah Roboh, Hujan deras di sertai  Angin Kencang dan Petir ,,,,,,,,,,,,,,,,,,,,,,,,,,,,,,,,,,,,,,,,,,,,,,,,,,,,#VALUE!
271,6-Mei-25,Kab. Bandung,Cimaung,Desa Sukamaju,kp cinangsi RT001/RW012,Tanah Longsor, Hujan deras di sertai  Angin Kencang dan Petir ,,,,,,,,,,,,,,,,,,,,,,,,,,,,,,,,,,ya,,,,,,,,,,,,,,,,,,
272,6-Mei-25,Kab. Bandung,Cimaung,Desa Sukamaju,"RW001,RW002,RW003,R
 W004",Banjir, Hujan deras di sertai  Angin Kencang dan Petir ,1,,,5,,,,,,,,,,,,,,,,,,,,,,,,,,,,,,,,,,,,,,,,,,,,,,,,
273,6-Mei-25,Kab. Bandung,Cimaung,Desa Jagabaya,RW005,Pohon Tumbang, Hujan deras di sertai  Angin Kencang dan Petir ,,,,,,,,,,,,,,,,,,,,,,,,,,,,,,,,,,,,,,,,,,,,,,,,,,,,
274,6-Mei-25,Kab. Bandung,Pangalengan,Desa Lamajang,Kp. Cikayere Rt.03 Rw.20,Tanah Longsor, Hujan deras di sertai  Angin Kencang dan Petir ,1,,,5,,,,,,,,,,,,,,,,,,,,,,,,,,,,,,,,,,,,,,,,,,,,,,,,
275,6-Mei-25,Kab. Bandung,Pangalengan,Desa Lamajang,Kp. Babakan tipar Rt.01 Rw.17,Cuaca Ekstrem, Hujan deras di sertai  Angin Kencang dan Petir ,4,,,10,,,,,,,,,,,,,,,,,,,,,,,,,,,,,,,,,,,,,,,,,,,,,,,,
276,6-Mei-25,Kab. Bandung,Kutawaringin,Desa Jatisari,Kp. Neglasari RT.003 Rw012,Cuaca Ekstrem, Hujan deras di sertai  Angin Kencang dan Petir ,1,,,1,,,,,,,,,,,,,,,,,,,,,,,,,,,,,,,,,,,,,,,,,,,,,,,,
277,,,,,,,,,,,,,,,,,,,,,,,,,,,,,,,,,,,,,,,,,,,,,,,,,,,,,,,,,,,
278,,,,,,,,,,,,,,,,,,,,,,,,,,,,,,,,,,,,,,,,,,,,,,,,,,,,,,,,,,,
279,,,,,,,,,,,,,,,,,,,,,,,,,,,,,,,,,,,,,,,,,,,,,,,,,,,,,,,,,,,
280,,,,,,,,,,,,,,,,,,,,,,,,,,,,,,,,,,,,,,,,,,,,,,,,,,,,,,,,,,,
281,,,,,,,,,,,,,,,,,,,,,,,,,,,,,,,,,,,,,,,,,,,,,,,,,,,,,,,,,,,
282,,,,,,,,,,,,,,,,,,,,,,,,,,,,,,,,,,,,,,,,,,,,,,,,,,,,,,,,,,,
283,,,,,,,,,,,,,,,,,,,,,,,,,,,,,,,,,,,,,,,,,,,,,,,,,,,,,,,,,,,
284,,,,,,,,,,,,,,,,,,,,,,,,,,,,,,,,,,,,,,,,,,,,,,,,,,,,,,,,,,,
285,,,,,,,,,,,,,,,,,,,,,,,,,,,,,,,,,,,,,,,,,,,,,,,,,,,,,,,,,,,
286,,,,,,,,,,,,,,,,,,,,,,,,,,,,,,,,,,,,,,,,,,,,,,,,,,,,,,,,,,,
287,,,,,,,,,,,,,,,,,,,,,,,,,,,,,,,,,,,,,,,,,,,,,,,,,,,,,,,,,,,
288,,,,,,,,,,,,,,,,,,,,,,,,,,,,,,,,,,,,,,,,,,,,,,,,,,,,,,,,,,,
289,,,,,,,,,,,,,,,,,,,,,,,,,,,,,,,,,,,,,,,,,,,,,,,,,,,,,,,,,,,
290,,,,,,,,,,,,,,,,,,,,,,,,,,,,,,,,,,,,,,,,,,,,,,,,,,,,,,,,,,,
291,,,,,,,,,,,,,,,,,,,,,,,,,,,,,,,,,,,,,,,,,,,,,,,,,,,,,,,,,,,
292,,,,,,,,,,,,,,,,,,,,,,,,,,,,,,,,,,,,,,,,,,,,,,,,,,,,,,,,,,,
293,,,,,,,,,,,,,,,,,,,,,,,,,,,,,,,,,,,,,,,,,,,,,,,,,,,,,,,,,,,
294,,,,,,,,,,,,,,,,,,,,,,,,,,,,,,,,,,,,,,,,,,,,,,,,,,,,,,,,,,,
295,,,,,,,,,,,,,,,,,,,,,,,,,,,,,,,,,,,,,,,,,,,,,,,,,,,,,,,,,,,
296,,,,,,,,,,,,,,,,,,,,,,,,,,,,,,,,,,,,,,,,,,,,,,,,,,,,,,,,,,,
297,,,,,,,,,,,,,,,,,,,,,,,,,,,,,,,,,,,,,,,,,,,,,,,,,,,,,,,,,,,
